candidate_id	family_id	representative_candidate_id	membership
C017	F001	C029	variant
C026	F001	C029	variant
C029	F001	C029	representative
C065	F001	C029	variant
C115	F001	C029	variant
C132	F001	C029	member
C502	F001	C029	variant
C013	F002	C013	representative
C019	F002	C013	variant
C032	F002	C013	variant
C069	F002	C013	variant
C003	F003	C003	representative
C015	F003	C003	variant
C027	F003	C003	variant
C037	F003	C003	variant
C070	F003	C003	variant
C082	F003	C003	variant
C141	F003	C003	variant
C226	F003	C003	variant
C283	F003	C003	variant
C124	F004	C124	representative
C201	F004	C124	variant
C206	F004	C124	variant
C278	F004	C124	member
C386	F004	C124	variant
C397	F004	C124	member
C625	F004	C124	variant
C783	F004	C124	variant
C954	F004	C124	variant
C024	F005	C024	representative
C123	F005	C024	variant
C204	F005	C024	variant
C454	F005	C024	variant
C460	F005	C024	variant
C656	F005	C024	variant
C096	F006	C121	variant
C107	F006	C121	variant
C121	F006	C121	representative
C126	F006	C121	variant
C253	F006	C121	variant
C287	F006	C121	variant
C639	F006	C121	variant
C795	F006	C121	variant
C125	F007	C125	representative
C217	F007	C125	variant
C256	F007	C125	variant
C311	F007	C125	variant
C333	F007	C125	variant
C335	F007	C125	variant
C417	F007	C125	variant
C695	F007	C125	variant
C142	F008	C142	representative
C209	F008	C142	variant
C452	F008	C142	variant
C381	F009	C613	variant
C613	F009	C613	representative
C658	F009	C613	variant
C663	F009	C613	variant
C692	F009	C613	variant
C157	F010	C157	representative
C160	F010	C157	variant
C237	F010	C157	variant
C478	F010	C157	variant
C659	F010	C157	variant
C752	F010	C157	variant
C270	F011	C270	representative
C313	F011	C270	variant
C449	F011	C270	variant
C491	F011	C270	variant
C588	F011	C270	variant
C674	F011	C270	variant
C786	F011	C270	variant
C021	F012	C038	variant
C038	F012	C038	representative
C122	F012	C038	variant
C185	F012	C038	variant
C269	F012	C038	variant
C291	F012	C038	variant
C334	F012	C038	variant
C433	F012	C038	variant
C095	F013	C095	representative
C106	F013	C095	variant
C222	F013	C095	variant
C246	F013	C095	variant
C248	F013	C095	variant
C347	F013	C095	variant
C371	F013	C095	variant
C406	F013	C095	variant
C553	F013	C095	variant
C285	F014	C285	representative
C486	F014	C285	variant
C533	F014	C285	variant
C717	F014	C285	variant
C771	F014	C285	variant
C789	F014	C285	variant
C890	F014	C285	variant
C561	F015	C561	representative
C648	F015	C561	variant
C194	F016	C194	representative
C355	F016	C194	variant
C023	F017	C047	variant
C047	F017	C047	representative
C052	F017	C047	variant
C058	F017	C047	variant
C089	F017	C047	variant
C101	F017	C047	variant
C131	F017	C047	variant
C137	F017	C047	variant
C150	F017	C047	variant
C153	F017	C047	variant
C250	F017	C047	variant
C252	F017	C047	variant
C346	F017	C047	variant
C155	F018	C155	representative
C304	F018	C155	variant
C350	F018	C155	variant
C379	F018	C155	variant
C555	F018	C155	variant
C641	F018	C155	variant
C675	F018	C155	variant
C077	F019	C077	representative
C145	F019	C077	variant
C189	F019	C077	variant
C215	F019	C077	variant
C410	F019	C077	variant
C411	F019	C077	variant
C439	F019	C077	variant
C473	F019	C077	variant
C801	F019	C077	variant
C369	F020	C369	representative
C474	F020	C369	variant
C617	F020	C369	variant
C635	F020	C369	variant
C677	F020	C369	variant
C713	F020	C369	variant
C737	F020	C369	variant
C412	F021	C465	variant
C465	F021	C465	representative
C720	F021	C465	variant
C094	F022	C094	representative
C148	F022	C094	variant
C220	F022	C094	variant
C258	F022	C094	variant
C399	F022	C094	variant
C456	F022	C094	variant
C470	F022	C094	variant
C842	F022	C094	variant
C034	F023	C174	variant
C088	F023	C174	variant
C174	F023	C174	representative
C711	F023	C174	variant
C870	F023	C174	variant
C063	F024	C067	variant
C067	F024	C067	representative
C170	F024	C067	variant
C245	F024	C067	variant
C247	F024	C067	variant
C331	F024	C067	variant
C359	F024	C067	variant
C580	F024	C067	variant
C620	F024	C067	variant
C706	F024	C067	variant
C743	F024	C067	variant
C846	F024	C067	variant
C183	F025	C286	variant
C187	F025	C286	variant
C286	F025	C286	representative
C307	F025	C286	variant
C280	F026	C280	representative
C435	F026	C280	variant
C455	F026	C280	variant
C792	F026	C280	variant
C942	F026	C280	variant
C392	F027	C528	variant
C528	F027	C528	representative
C536	F027	C528	variant
C309	F028	C623	variant
C317	F028	C623	variant
C343	F028	C623	variant
C611	F028	C623	variant
C623	F028	C623	representative
C076	F029	C076	representative
C087	F029	C076	variant
C102	F029	C076	variant
C119	F029	C076	variant
C306	F029	C076	variant
C322	F029	C076	variant
C330	F029	C076	variant
C378	F029	C076	variant
C557	F029	C076	variant
C690	F029	C076	variant
C959	F029	C076	variant
C068	F030	C224	variant
C120	F030	C224	variant
C186	F030	C224	variant
C224	F030	C224	representative
C274	F030	C224	variant
C628	F030	C224	variant
C637	F030	C224	variant
C788	F030	C224	variant
C793	F030	C224	variant
C450	F031	C450	representative
C655	F031	C450	variant
C818	F031	C450	variant
C857	F031	C450	variant
C887	F031	C450	variant
C022	F032	C022	representative
C083	F032	C022	variant
C134	F032	C022	variant
C198	F032	C022	variant
C268	F032	C022	variant
C385	F032	C022	variant
C401	F032	C022	variant
C529	F032	C022	variant
C574	F032	C022	variant
C645	F032	C022	variant
C892	F032	C022	variant
C004	F033	C004	representative
C078	F033	C004	variant
C086	F033	C004	member
C116	F033	C004	variant
C135	F033	C004	variant
C191	F033	C004	variant
C348	F033	C004	variant
C426	F033	C004	variant
C626	F033	C004	variant
C990	F033	C004	variant
C010	F034	C110	variant
C110	F034	C110	representative
C168	F034	C110	variant
C205	F034	C110	variant
C323	F034	C110	variant
C332	F034	C110	member
C374	F034	C110	variant
C398	F034	C110	variant
C517	F034	C110	variant
C763	F034	C110	variant
C176	F035	C418	variant
C192	F035	C418	variant
C353	F035	C418	variant
C418	F035	C418	representative
C112	F036	C112	representative
C377	F036	C112	variant
C445	F036	C112	variant
C699	F036	C112	variant
C826	F036	C112	variant
C778	F037	C778	representative
C834	F037	C778	variant
C935	F037	C778	variant
C489	F038	C602	variant
C490	F038	C602	variant
C540	F038	C602	variant
C602	F038	C602	representative
C729	F038	C602	variant
C1003	F039	C958	variant
C958	F039	C958	representative
C002	F040	C002	representative
C007	F040	C002	variant
C016	F040	C002	variant
C081	F040	C002	variant
C172	F040	C002	variant
C518	F040	C002	variant
C522	F040	C002	variant
C992	F040	C002	variant
C199	F041	C260	variant
C216	F041	C260	variant
C230	F041	C260	variant
C260	F041	C260	representative
C329	F041	C260	variant
C416	F041	C260	variant
C464	F041	C260	variant
C703	F041	C260	variant
C748	F041	C260	variant
C754	F041	C260	variant
C080	F042	C161	variant
C138	F042	C161	variant
C140	F042	C161	variant
C161	F042	C161	representative
C358	F042	C161	variant
C388	F042	C161	variant
C630	F042	C161	variant
C691	F042	C161	variant
C694	F042	C161	variant
C020	F043	C053	variant
C053	F043	C053	representative
C055	F043	C053	variant
C071	F043	C053	variant
C072	F043	C053	variant
C090	F043	C053	variant
C158	F043	C053	variant
C308	F043	C053	variant
C396	F043	C053	variant
C548	F043	C053	variant
C730	F043	C053	variant
C136	F044	C667	variant
C420	F044	C667	variant
C543	F044	C667	variant
C631	F044	C667	variant
C667	F044	C667	representative
C621	F045	C621	representative
C948	F045	C621	variant
C362	F046	C362	representative
C515	F046	C362	variant
C819	F046	C362	variant
C057	F047	C099	variant
C099	F047	C099	representative
C129	F047	C099	variant
C202	F047	C099	variant
C467	F047	C099	variant
C568	F047	C099	variant
C709	F048	C709	representative
C726	F048	C709	variant
C040	F049	C048	variant
C048	F049	C048	representative
C084	F049	C048	variant
C098	F049	C048	variant
C133	F049	C048	variant
C152	F049	C048	member
C171	F049	C048	variant
C288	F049	C048	variant
C532	F049	C048	variant
C597	F049	C048	variant
C707	F049	C048	variant
C264	F050	C484	variant
C432	F050	C484	variant
C444	F050	C484	variant
C484	F050	C484	representative
C832	F050	C484	variant
C866	F050	C484	variant
C874	F050	C484	variant
C931	F050	C484	variant
C188	F051	C681	variant
C477	F051	C681	variant
C681	F051	C681	representative
C744	F051	C681	variant
C207	F052	C294	variant
C294	F052	C294	representative
C537	F052	C294	variant
C600	F052	C294	variant
C919	F052	C294	variant
C259	F053	C569	variant
C320	F053	C569	variant
C361	F053	C569	variant
C501	F053	C569	variant
C549	F053	C569	variant
C569	F053	C569	representative
C646	F053	C569	variant
C765	F053	C569	variant
C829	F053	C569	variant
C903	F053	C569	variant
C907	F053	C569	variant
C025	F054	C266	variant
C054	F054	C266	variant
C079	F054	C266	variant
C178	F054	C266	variant
C266	F054	C266	representative
C275	F054	C266	variant
C325	F054	C266	variant
C487	F054	C266	variant
C577	F054	C266	variant
C488	F055	C488	representative
C494	F055	C488	variant
C510	F056	C651	variant
C651	F056	C651	representative
C917	F056	C651	variant
C211	F057	C211	representative
C212	F057	C211	variant
C446	F057	C211	variant
C758	F057	C211	variant
C794	F057	C211	variant
C845	F057	C211	variant
C175	F058	C175	representative
C471	F058	C175	variant
C686	F058	C175	variant
C787	F058	C175	variant
C006	F059	C030	variant
C030	F059	C030	representative
C154	F059	C030	variant
C173	F059	C030	variant
C239	F059	C030	variant
C262	F059	C030	variant
C263	F059	C030	variant
C375	F059	C030	variant
C387	F059	C030	variant
C475	F059	C030	variant
C530	F059	C030	variant
C539	F059	C030	variant
C567	F059	C030	variant
C979	F059	C030	variant
C151	F060	C151	representative
C315	F060	C151	variant
C340	F060	C151	variant
C356	F060	C151	variant
C357	F060	C151	variant
C554	F060	C151	variant
C008	F061	C008	representative
C045	F061	C008	variant
C062	F061	C008	variant
C085	F061	C008	variant
C159	F061	C008	variant
C302	F061	C008	variant
C364	F061	C008	variant
C466	F061	C008	variant
C472	F061	C008	variant
C550	F061	C008	variant
C571	F061	C008	variant
C606	F061	C008	variant
C607	F061	C008	variant
C624	F061	C008	variant
C828	F061	C008	variant
C840	F061	C008	variant
C882	F061	C008	variant
C127	F062	C423	variant
C423	F062	C423	representative
C700	F062	C423	variant
C715	F062	C423	variant
C895	F062	C423	variant
C974	F062	C423	variant
C103	F063	C184	variant
C184	F063	C184	representative
C208	F063	C184	variant
C240	F063	C184	variant
C273	F063	C184	variant
C676	F063	C184	variant
C701	F063	C184	variant
C753	F063	C184	variant
C755	F063	C184	variant
C891	F063	C184	variant
C915	F063	C184	variant
C050	F064	C438	variant
C438	F064	C438	representative
C504	F064	C438	variant
C542	F064	C438	variant
C556	F064	C438	variant
C642	F064	C438	member
C803	F064	C438	variant
C805	F064	C438	variant
C823	F064	C438	variant
C261	F065	C689	variant
C363	F065	C689	variant
C524	F065	C689	variant
C689	F065	C689	representative
C986	F065	C689	variant
C843	F066	C843	representative
C864	F066	C843	variant
C756	F067	C756	representative
C831	F067	C756	variant
C978	F067	C756	variant
C998	F067	C756	variant
C014	F068	C014	representative
C149	F068	C014	variant
C193	F068	C014	member
C276	F068	C014	variant
C403	F068	C014	variant
C463	F068	C014	variant
C498	F068	C014	variant
C527	F068	C014	variant
C538	F068	C014	variant
C629	F068	C014	variant
C768	F068	C014	variant
C957	F068	C014	variant
C962	F068	C014	variant
C238	F069	C589	variant
C255	F069	C589	variant
C272	F069	C589	variant
C319	F069	C589	variant
C339	F069	C589	variant
C354	F069	C589	variant
C547	F069	C589	variant
C559	F069	C589	variant
C589	F069	C589	representative
C640	F069	C589	variant
C800	F069	C589	variant
C242	F070	C242	representative
C336	F070	C242	variant
C688	F070	C242	variant
C725	F070	C242	variant
C442	F071	C442	representative
C508	F071	C442	variant
C603	F071	C442	variant
C634	F071	C442	variant
C005	F072	C009	variant
C009	F072	C009	representative
C031	F072	C009	member
C042	F072	C009	member
C044	F072	C009	variant
C214	F072	C009	variant
C277	F072	C009	variant
C279	F072	C009	variant
C284	F072	C009	variant
C301	F072	C009	variant
C324	F072	C009	variant
C434	F072	C009	variant
C565	F072	C009	variant
C746	F072	C009	variant
C847	F072	C009	variant
C848	F072	C009	variant
C074	F073	C100	variant
C092	F073	C100	variant
C100	F073	C100	representative
C180	F073	C100	variant
C244	F073	C100	variant
C344	F073	C100	variant
C345	F073	C100	variant
C409	F073	C100	variant
C493	F073	C100	variant
C520	F073	C100	variant
C807	F073	C100	variant
C046	F074	C506	variant
C223	F074	C506	variant
C383	F074	C506	variant
C390	F074	C506	variant
C437	F074	C506	variant
C506	F074	C506	representative
C564	F074	C506	variant
C566	F074	C506	variant
C644	F074	C506	variant
C672	F074	C506	variant
C766	F074	C506	variant
C851	F074	C506	variant
C905	F074	C506	variant
C955	F074	C506	variant
C097	F075	C166	variant
C144	F075	C166	variant
C166	F075	C166	representative
C179	F075	C166	variant
C299	F075	C166	variant
C436	F075	C166	variant
C693	F075	C166	variant
C784	F075	C166	variant
C376	F076	C376	representative
C402	F076	C376	variant
C534	F076	C376	variant
C854	F076	C376	variant
C898	F076	C376	variant
C638	F077	C638	representative
C815	F077	C638	variant
C951	F077	C638	variant
C977	F077	C638	variant
C514	F078	C759	variant
C718	F078	C759	variant
C728	F078	C759	variant
C759	F078	C759	representative
C814	F078	C759	variant
C879	F078	C759	variant
C949	F078	C759	variant
C968	F078	C759	variant
C314	F079	C685	variant
C404	F079	C685	variant
C650	F079	C685	variant
C685	F079	C685	representative
C773	F079	C685	variant
C809	F079	C685	variant
C811	F079	C685	variant
C1001	F080	C197	variant
C118	F080	C197	variant
C197	F080	C197	representative
C213	F080	C197	variant
C305	F080	C197	variant
C427	F080	C197	variant
C461	F080	C197	variant
C563	F080	C197	member
C856	F080	C197	variant
C865	F080	C197	variant
C926	F080	C197	variant
C162	F081	C162	representative
C181	F081	C162	variant
C513	F081	C162	variant
C873	F081	C162	variant
C500	F082	C922	variant
C867	F082	C922	variant
C922	F082	C922	representative
C953	F082	C922	variant
C039	F083	C039	representative
C104	F083	C039	variant
C114	F083	C039	variant
C128	F083	C039	variant
C282	F083	C039	variant
C300	F083	C039	variant
C249	F084	C316	variant
C293	F084	C316	member
C316	F084	C316	representative
C469	F084	C316	variant
C578	F084	C316	member
C585	F084	C316	variant
C633	F084	C316	variant
C643	F084	C316	variant
C921	F084	C316	variant
C143	F085	C384	variant
C384	F085	C384	representative
C413	F085	C384	variant
C419	F085	C384	variant
C572	F085	C384	variant
C610	F085	C384	variant
C684	F085	C384	variant
C105	F086	C290	variant
C290	F086	C290	representative
C295	F086	C290	variant
C296	F087	C541	variant
C431	F087	C541	variant
C541	F087	C541	representative
C036	F088	C093	variant
C060	F088	C093	variant
C061	F088	C093	variant
C093	F088	C093	representative
C169	F088	C093	variant
C229	F088	C093	member
C236	F088	C093	variant
C310	F088	C093	variant
C321	F088	C093	variant
C367	F088	C093	variant
C448	F088	C093	variant
C462	F088	C093	variant
C604	F088	C093	variant
C673	F088	C093	variant
C476	F089	C476	representative
C662	F089	C476	variant
C750	F089	C476	variant
C869	F089	C476	variant
C881	F089	C476	variant
C883	F089	C476	variant
C928	F089	C476	variant
C975	F089	C476	variant
C195	F090	C841	variant
C235	F090	C841	variant
C453	F090	C841	variant
C483	F090	C841	variant
C678	F090	C841	variant
C790	F090	C841	variant
C799	F090	C841	variant
C841	F090	C841	representative
C981	F090	C841	variant
C156	F091	C156	representative
C190	F091	C156	variant
C318	F091	C156	variant
C605	F091	C156	variant
C797	F091	C156	variant
C945	F091	C156	variant
C1005	F092	C736	variant
C424	F092	C736	variant
C665	F092	C736	variant
C736	F092	C736	representative
C742	F092	C736	variant
C767	F092	C736	variant
C774	F092	C736	variant
C836	F092	C736	variant
C855	F092	C736	variant
C878	F092	C736	variant
C924	F092	C736	variant
C011	F093	C011	representative
C117	F093	C011	variant
C130	F093	C011	variant
C200	F093	C011	variant
C218	F093	C011	variant
C254	F093	C011	variant
C298	F093	C011	variant
C391	F093	C011	variant
C441	F093	C011	variant
C479	F093	C011	variant
C492	F093	C011	variant
C497	F093	C011	variant
C509	F093	C011	variant
C562	F093	C011	variant
C591	F093	C011	variant
C664	F093	C011	variant
C668	F093	C011	variant
C687	F093	C011	variant
C698	F093	C011	variant
C710	F093	C011	variant
C764	F093	C011	variant
C860	F093	C011	variant
C888	F093	C011	variant
C938	F093	C011	variant
C964	F093	C011	variant
C973	F093	C011	variant
C425	F094	C858	variant
C824	F094	C858	variant
C858	F094	C858	representative
C913	F094	C858	variant
C041	F095	C041	representative
C458	F095	C041	variant
C593	F095	C041	variant
C652	F095	C041	variant
C657	F095	C041	variant
C683	F095	C041	variant
C702	F095	C041	variant
C808	F095	C041	variant
C849	F095	C041	variant
C863	F095	C041	variant
C875	F095	C041	variant
C985	F095	C041	variant
C996	F095	C041	variant
C091	F096	C091	representative
C221	F096	C091	variant
C232	F096	C091	variant
C241	F096	C091	variant
C265	F096	C091	variant
C393	F096	C091	variant
C428	F096	C091	variant
C440	F096	C091	variant
C457	F096	C091	variant
C495	F096	C091	variant
C499	F096	C091	variant
C622	F096	C091	variant
C932	F096	C091	variant
C772	F097	C816	variant
C816	F097	C816	representative
C835	F097	C816	variant
C976	F097	C816	variant
C001	F098	C012	variant
C012	F098	C012	representative
C073	F098	C012	variant
C351	F098	C012	variant
C352	F098	C012	variant
C368	F098	C012	variant
C395	F098	C012	variant
C697	F098	C012	variant
C757	F098	C012	variant
C933	F098	C012	variant
C526	F099	C535	variant
C535	F099	C535	representative
C813	F099	C535	variant
C827	F099	C535	variant
C901	F099	C535	variant
C943	F099	C535	member
C965	F099	C535	variant
C382	F100	C972	variant
C481	F100	C972	variant
C972	F100	C972	representative
C545	F101	C627	variant
C627	F101	C627	representative
C661	F101	C627	variant
C802	F101	C627	variant
C838	F101	C627	variant
C862	F101	C627	variant
C902	F101	C627	variant
C906	F101	C627	variant
C349	F102	C496	variant
C459	F102	C496	variant
C480	F102	C496	variant
C496	F102	C496	representative
C722	F102	C496	variant
C966	F102	C496	variant
C590	F103	C590	representative
C830	F103	C590	variant
C910	F103	C590	variant
C203	F104	C203	representative
C281	F104	C203	variant
C485	F104	C203	variant
C609	F104	C203	variant
C741	F104	C203	variant
C035	F105	C111	variant
C075	F105	C111	variant
C111	F105	C111	representative
C165	F105	C111	variant
C303	F105	C111	variant
C365	F105	C111	variant
C414	F105	C111	variant
C511	F105	C111	variant
C708	F105	C111	variant
C721	F105	C111	variant
C732	F105	C111	variant
C739	F105	C111	variant
C889	F105	C111	variant
C916	F105	C111	variant
C982	F105	C111	variant
C028	F106	C028	representative
C049	F106	C028	variant
C059	F106	C028	variant
C163	F106	C028	variant
C164	F106	C028	variant
C219	F106	C028	variant
C243	F106	C028	variant
C271	F106	C028	variant
C312	F106	C028	variant
C328	F106	C028	variant
C380	F106	C028	variant
C523	F106	C028	variant
C573	F106	C028	variant
C576	F106	C028	variant
C584	F106	C028	variant
C649	F106	C028	variant
C666	F106	C028	variant
C680	F106	C028	variant
C738	F106	C028	variant
C770	F106	C028	variant
C782	F106	C028	variant
C880	F106	C028	variant
C177	F107	C366	variant
C196	F107	C366	member
C251	F107	C366	variant
C366	F107	C366	representative
C430	F107	C366	variant
C451	F107	C366	variant
C582	F107	C366	variant
C595	F107	C366	variant
C670	F107	C366	variant
C696	F107	C366	variant
C731	F107	C366	variant
C806	F107	C366	variant
C908	F107	C366	variant
C918	F107	C366	member
C923	F107	C366	member
C934	F107	C366	variant
C987	F107	C366	variant
C999	F107	C366	variant
C421	F108	C421	representative
C552	F108	C421	variant
C257	F109	C394	variant
C360	F109	C394	variant
C394	F109	C394	representative
C468	F109	C394	variant
C507	F109	C394	variant
C512	F109	C394	variant
C531	F109	C394	member
C560	F109	C394	variant
C579	F109	C394	variant
C586	F109	C394	variant
C601	F109	C394	variant
C614	F109	C394	variant
C724	F109	C394	variant
C852	F109	C394	variant
C894	F109	C394	variant
C429	F110	C594	variant
C516	F110	C594	variant
C594	F110	C594	representative
C723	F110	C594	variant
C147	F111	C233	variant
C233	F111	C233	representative
C297	F111	C233	variant
C341	F111	C233	variant
C482	F111	C233	variant
C505	F111	C233	variant
C519	F111	C233	variant
C551	F111	C233	variant
C592	F111	C233	variant
C608	F111	C233	variant
C618	F111	C233	variant
C632	F111	C233	variant
C647	F111	C233	variant
C653	F111	C233	variant
C671	F111	C233	variant
C682	F111	C233	variant
C705	F111	C233	variant
C776	F111	C233	variant
C900	F111	C233	variant
C920	F111	C233	variant
C984	F111	C233	variant
C210	F112	C210	representative
C228	F112	C210	variant
C267	F112	C210	variant
C373	F112	C210	variant
C503	F112	C210	variant
C886	F112	C210	variant
C033	F113	C033	representative
C167	F113	C033	variant
C231	F113	C033	variant
C338	F113	C033	variant
C544	F113	C033	variant
C612	F113	C033	variant
C619	F113	C033	variant
C636	F113	C033	variant
C719	F113	C033	variant
C775	F113	C033	variant
C941	F113	C033	variant
C980	F113	C033	variant
C1000	F114	C372	variant
C326	F114	C372	variant
C372	F114	C372	representative
C704	F114	C372	variant
C745	F114	C372	variant
C747	F114	C372	variant
C909	F114	C372	variant
C936	F114	C372	variant
C995	F114	C372	member
C822	F115	C937	variant
C937	F115	C937	representative
C961	F115	C937	variant
C415	F116	C899	variant
C615	F116	C899	variant
C820	F116	C899	variant
C899	F116	C899	representative
C960	F116	C899	variant
C234	F117	C583	variant
C327	F117	C583	variant
C407	F117	C583	variant
C583	F117	C583	representative
C660	F117	C583	variant
C679	F117	C583	variant
C740	F117	C583	variant
C762	F117	C583	variant
C064	F118	C227	variant
C1002	F118	C227	variant
C227	F118	C227	representative
C389	F118	C227	variant
C581	F118	C227	variant
C779	F118	C227	variant
C780	F118	C227	variant
C969	F118	C227	variant
C669	F119	C988	variant
C988	F119	C988	representative
C989	F119	C988	variant
C108	F120	C108	representative
C113	F120	C108	variant
C146	F120	C108	variant
C225	F120	C108	variant
C342	F120	C108	variant
C443	F120	C108	variant
C521	F120	C108	variant
C749	F120	C108	variant
C796	F120	C108	variant
C904	F120	C108	variant
C018	F121	C051	variant
C043	F121	C051	variant
C051	F121	C051	representative
C289	F121	C051	variant
C546	F121	C051	variant
C712	F121	C051	variant
C798	F121	C051	variant
C839	F121	C051	variant
C971	F121	C051	variant
C983	F121	C051	variant
C575	F122	C575	representative
C940	F122	C575	variant
C066	F123	C408	variant
C109	F123	C408	variant
C139	F123	C408	variant
C408	F123	C408	representative
C587	F123	C408	variant
C714	F123	C408	variant
C791	F123	C408	variant
C810	F123	C408	variant
C812	F123	C408	variant
C885	F124	C885	representative
C947	F124	C885	variant
C182	F125	C337	variant
C337	F125	C337	representative
C777	F125	C337	variant
C912	F125	C337	variant
C950	F125	C337	variant
C056	F126	C558	variant
C1004	F126	C558	variant
C370	F126	C558	variant
C558	F126	C558	representative
C570	F126	C558	variant
C292	F127	C833	variant
C781	F127	C833	variant
C785	F127	C833	variant
C825	F127	C833	variant
C833	F127	C833	representative
C837	F127	C833	variant
C844	F127	C833	variant
C859	F127	C833	variant
C876	F127	C833	variant
C914	F127	C833	variant
C925	F127	C833	variant
C939	F127	C833	variant
C963	F127	C833	variant
C997	F127	C833	variant
C596	F128	C596	representative
C616	F128	C596	variant
C654	F128	C596	variant
C734	F128	C596	variant
C853	F128	C596	variant
C896	F128	C596	variant
C877	F129	C877	representative
C400	F130	C733	variant
C405	F130	C733	variant
C422	F130	C733	variant
C447	F130	C733	variant
C525	F130	C733	variant
C598	F130	C733	variant
C733	F130	C733	representative
C751	F130	C733	variant
C761	F130	C733	variant
C769	F130	C733	variant
C861	F130	C733	variant
C871	F130	C733	variant
C944	F130	C733	variant
C727	F131	C911	variant
C884	F131	C911	variant
C911	F131	C911	representative
C952	F131	C911	variant
C991	F131	C911	variant
C993	F131	C911	variant
C804	F132	C967	variant
C821	F132	C967	variant
C946	F132	C967	variant
C967	F132	C967	representative
C599	F133	C599	representative
C716	F133	C599	variant
C735	F133	C599	variant
C817	F133	C599	variant
C893	F133	C599	variant
C930	F133	C599	variant
C956	F133	C599	variant
C970	F133	C599	variant
C994	F133	C599	variant
C872	F134	C872	representative
C897	F135	C897	representative
C929	F136	C929	representative
C927	F137	C927	representative
C760	F138	C760	representative
C868	F139	C868	representative
C850	F140	C850	representative
