strong	12:32	Tekrarlanan yöneltme, direnç ve hapis tehdidi 12:23'teki baskıyı doğrudan sürdürür.
medium	3:122	Bocalama karşısında Allah'a dayanma, sığınmanın iradeyi koruyan yönünü paralel kurar.
weak	5:23	Kapı eşiği ve tevekkül vardır; fakat 12:23'teki zorlayıcı ev bağlamı yoktur.
strong	12:51	Aynı yöneltmenin açık itirafı, 12:23'ün sorumluluğunu doğrular.
strong	12:24	İlahi burhanın kötülükten çevirmesi, 12:23'teki sığınmanın etkisini açıklar.
weak	22:77	Felah buyruğu genel kalır; 12:23'teki zulüm hükmüne sınırlı arka plan verir.
medium	12:100	Sonraki zindan anısı, evdeki baskının hikaye içindeki sonucunu geriye dönük gösterir.
no value	54:36	12:23'ün ev, zorlama veya sığınma düzenine belirgin bir ek yapmaz.
medium	2:189	Ev ve kapıya uygun yoldan girme, kapının sınır işlevine karşıt bir çerçeve verir.
weak	3:37	Korunan iç mekan çağrışımı vardır; 12:23'teki ihlal edilmiş korumayı doğrudan işlemez.
strong	24:33	Cinsel zorlamanın yasaklanması, 12:23'teki yöneltmenin zorlayıcı niteliğini keskinleştirir.
weak	3:104	Felahın kamusal iyilikle bağını verir; sahneye özgü bir açıklama sağlamaz.
medium	28:37	Zalimlerin felah bulmaması, 12:23'ün ahlaki sonucunu paralel biçimde destekler.
strong	12:33	Yusuf'un çağrıldıkları şeye karşı sığınması, 12:23'teki tehdidi doğrudan açar.
weak	5:35	Felah ve Allah'a yönelme geneldir; ev içi baskıya özgü değildir.
strong	12:30	Evdeki yöneltmenin şehirde duyulması, 12:23'ün kamusal sonuçlarını gösterir.
medium	39:72	Kapıdan kalıcı meskene giriş, kapanmış eşik ile konaklama diline ikincil bir karşıtlık verir.
strong	12:61	Aynı ısrarlı yöneltme fiili, baskı mekanizmasını başka bir ilişkiye taşır.
strong	12:50	Kadınların eylemini soruşturma isteği, 12:23'teki iddianın sonradan hesap vermesini gösterir.
strong	12:34	Allah'ın tuzağı Yusuf'tan çevirmesi, 12:23'teki sığınmanın anlatısal karşılığıdır.
medium	16:29	Kapı ve kötü mesken dili, kapatılmış evin ters yönlü sonucu olarak ikincil bağ kurar.
medium	6:135	Zalimlerin felah bulmaması, 12:23'ün zulüm yargısını geneller.
weak	40:35	Kibirli kalbin mühürlenmesi, 12:23'ün somut baskı sahnesine uzak kalır.
weak	8:35	Ev yakınlığının koruma ve ibadete katılım sağlamaması, mekanın işlevinin kötüye kullanımına zayıf paraleldir.
strong	12:79	Allah'a sığınma ile haksız sonucu masum kişiye aktarmayı reddetme, 12:23'ün ahlaki sınırını açar.
no value	54:34	12:23'ün okumasına belirgin bir ek yapmaz.
weak	39:32	Kalıcı mesken dili vardır; evdeki zorlama ve sığınmayı açıklamaz.
medium	6:21	Zalimlerin felah bulmaması, 12:23'teki zulüm hükmüne genel bir karşılık verir.
medium	40:76	Kapılar ve kalıcı mesken, eşik ve konaklama imgelerini ikincil olarak birleştirir.
strong	11:47	Bilgisiz talebe karşı Allah'a sığınma, sığınmanın ahlaki özdenetim yönünü gösterir.
no value	28:11	12:23'ün baskı, ev veya sığınma düzenine belirgin bir ek yapmaz.
strong	54:37	Misafire erişme yöneltmesi, korunan hane sınırına karşı zorlayıcı talebi paralel kılar.
no value	86:17	12:23'ün anlamına belirgin bir ek yapmaz.
medium	10:17	Suçluların felah bulmaması, 12:23'ün zulüm sonucu için genel paraleldir.
weak	39:73	Açılmış kapılar, 12:23'teki kapatılmış kapılara sadece karşıt bir eşik örneği sunar.
strong	40:56	Baskıcı tartışma karşısında Allah'a sığınma, 12:23'ün korunma hareketini doğrudan paraleller.
medium	10:77	Felah bulmayan yanlış eylem ilkesi, 12:23'ün sonuç hükmünü destekler.
weak	40:60	Kibre karşı aşağılanmış giriş, 12:23'e yalnızca uzak bir sonuç çağrışımı verir.
weak	85:16	İrade dili vardır; zorlayıcı ev sahnesini belirginleştirmez.
medium	38:50	Açık kapılarla güvenli iç mekan, 12:23'teki kapanmanın kötüye kullanımına karşıtlık kurar.
weak	39:71	Cehennem kapıları, 12:23'ün somut ev ve korunma ilişkisine uzaktır.
medium	27:52	Zulüm sonrası boş evler, evin koruyucu işlevinin tersine dönmesinin sonucunu gösterir.
weak	28:9	Koruyucu himaye niyeti vardır; 12:23'teki yöneltme ve sığınmayı açıklamaz.
no value	75:10	12:23'ün anlamına belirgin bir ek yapmaz.
medium	8:5	Evden çıkış, korunan iç alan ile dış yükümlülük arasındaki karşıtlığı ikincil olarak kurar.
no value	19:47	12:23'ün baskı, ev veya sığınma düzenine belirgin bir ek yapmaz.
strong	19:18	Tehdit karşısında Rahman'a sığınma, 12:23'teki korunma sözünü doğrudan paraleller.
no value	51:29	12:23'ün anlamına belirgin bir ek yapmaz.
medium	59:9	Nefsin cimriliğinden korunma ve felah, 12:23'ün nefs ve zulüm diline ikincil bir karşıtlık verir.
weak	16:125	En güzel sözle çağrı, 12:23'teki zorlayıcı çağrının yalnızca uzak karşıtıdır.
strong	23:98	Zararlı varlığın yakınlığından Allah'a sığınma, 12:23'ün korunma yönünü açıklar.
medium	17:53	Şeytani kışkırtmayı kesen iyi söz, baskı altında ahlaki hareket alanına ikincil destek verir.
weak	33:34	Evdeki vahiy ve hikmet, evin işlevine başka bir olumlu kullanım sunar.
no value	2:113	12:23'ün anlamına belirgin bir ek yapmaz.
weak	52:4	Ev imgesi vardır; 12:23'teki sınır ihlalini açıklamaz.
weak	9:120	Nefsini başkasının nefsine tercih etmeme, 12:23'e yalnızca uzak bir ahlaki paraleldir.
weak	22:26	Evin arındırılması, mekanın kutsal işlevine ilişkin uzak bir karşıt örnektir.
no value	2:138	12:23'ün anlamına belirgin bir ek yapmaz.
weak	43:34	Ev kapıları ve rahatlık, kapanmış kapıların statü bağlamına sınırlı bir paraleldir.
no value	95:4	12:23'ün anlamına belirgin bir ek yapmaz.
strong	72:6	Yanlış merciye sığınmanın baskıyı artırması, 12:23'teki doğru sığınmayı karşıtlıkla aydınlatır.
weak	6:93	Zulüm ve yalanlama vardır; 12:23'teki ev içi baskıyı belirginleştirmez.
strong	23:97	Şeytani dürtülere karşı Allah'a sığınma, 12:23'ün direnç kaynağını doğrudan paraleller.
medium	65:1	Evden çıkarma yasağı, hane sınırının koruyucu olması gerektiğine paralel bir ölçü verir.
weak	64:16	Nefsin cimriliğinden sakınma ve felah, 12:23'e genel bir ahlaki bağ sağlar.
no value	33:50	12:23'ün anlamına belirgin bir ek yapmaz.
weak	2:127	Evin ibadet için inşası, evin işlevine uzak bir olumlu çerçeve verir.
no value	17:93	12:23'ün anlamına belirgin bir ek yapmaz.
weak	5:100	İyi ile kötüyü ayırma ve felah, sahneye özgü olmayan genel bir ölçüdür.
no value	29:49	12:23'ün anlamına belirgin bir ek yapmaz.
medium	10:69	Allah hakkında yalan söyleyenlerin felah bulmaması, 12:23'ün sonuç hükmüne genel paraleldir.
no value	17:60	12:23'ün anlamına belirgin bir ek yapmaz.
weak	15:82	Güvenli sanılan evler, maddi kapanmanın gerçek koruma garantisi olmadığını zayıfça gösterir.
weak	33:13	Evlerin savunmasızlığı iddiası, hane güvenliği diline sınırlı bir bağ kurar.
weak	2:67	Allah'a sığınma vardır; 12:23'teki tehdit ve korunma bağlamı farklıdır.
no value	5:64	12:23'ün anlamına belirgin bir ek yapmaz.
weak	4:15	Evde tutma, koruyucu hane ile cezalandırıcı kapatılma arasındaki gerilime sınırlı paraleldir.
no value	47:15	12:23'ün anlamına belirgin bir ek yapmaz.
weak	9:88	Nefs ve felah dili vardır; 12:23'teki zorlama sahnesine uzak kalır.
medium	29:68	Kalıcı mesken, güvenli barınağın ters yönlü ahlaki sonucunu ikincil olarak gösterir.
medium	24:29	Evlere giriş kuralı, mekanın türüne göre erişim sınırını belirleyerek kapı temasını açar.
strong	114:1	İnsanların Rabbine sığınma, 12:23'teki "ma'adh Allah"ın yalın ve doğrudan paralelidir.
medium	4:154	Kapıdan giriş ve aşılmayan sınır, eşik ile yükümlülük ilişkisine ikincil bir örnektir.
medium	113:1	Zarardan Rabbe sığınma, 12:23'ün korunma hareketini ikinci bir sure paraleliyle destekler.
medium	23:117	Felah bulmama hükmü, 12:23'teki zulüm sonucuna genel bir karşılık verir.
no value	27:44	12:23'ün anlamına belirgin bir ek yapmaz.
medium	106:3	Evin Rabbi ve kulluk, evin koruma işlevine olumlu fakat soyut bir çerçeve verir.
strong	12:25	Kapıya doğru kaçış ve tersine suçlama, 12:23'ün hemen sonraki eylem ve güç mücadelesini gösterir.
weak	2:158	Ev çevresindeki ibadet hareketi, 12:23'e yalnızca uzak bir mekan paraleli sunar.
weak	12:59	İyi konaklama dili vardır; 12:23'teki ev içi baskıyı doğrudan açmaz.
weak	2:249	Sınavda Allah'ın yardımıyla direnme, 12:23'e genel bir irade paraleli verir.
strong	7:200	Kışkırtma karşısında Allah'a sığınma, 12:23'teki korunma tepkisini doğrudan paraleller.
medium	7:27	Gizli ayartma ve örtünün soyulması, savunmasızlaştıran baskı düzenine ikincil paraleldir.
medium	10:87	Evleri ortak ibadet ve dayanma alanına çevirmek, 12:23'te ihlal edilen ev korumasına karşıtlık verir.
no value	18:21	12:23'ün anlamına belirgin bir ek yapmaz.
weak	24:36	Allah'ın anıldığı evler, evin olumlu işlevine uzak bir paralel sunar.
no value	74:33	12:23'ün anlamına belirgin bir ek yapmaz.
medium	7:110	Özgürlük talebini tehdit diye yeniden çerçevelemek, baskıcı suçlama stratejisine ikincil paraleldir.
no value	42:13	12:23'ün anlamına belirgin bir ek yapmaz.
strong	12:21	Yusuf'un onurlu konaklaması, 12:23'te ihlal edilen ev sahipliği ve mesken bağını doğrudan kurar.
strong	12:26	Gömleğin yönüne dayanan tanıklık önerisi, kapıdaki karşılaşmadan sonra baskı ve suçlamanın nasıl sınandığını açar.
strong	12:27	Gömlek önden yırtılmışsa ileri sürülen suçlamayı doğrulayan ölçüt, 12:23 sonrası ihtilafa karşı bir delil yolu kurar.
strong	12:28	Gömleğin arkadan yırtılması, kaçış ile tersine suçlama arasındaki güç ilişkisini görünür kılar.
strong	12:29	Suçun örtülmesi ve bağışlanma çağrısı, ev içi ihlalin sonraki yönetimini ekler.
strong	12:31	Kadınların Yusuf'u görmesi ve ellerini kesmesi, 12:23'teki arzu ile 12:32'deki ortak baskı arasındaki geçişi açıklar.
strong	12:35	İşaretlere rağmen hapsedilme kararı, 12:23'te reddedilen zorlamanın kurumsal sonucunu gösterir.
medium	12:52	İhanet etmeme ve Allah'ın hainlerin düzenini başarıya ulaştırmaması, olayın sonradan ahlaki değerlendirmesini verir.
strong	12:53	Nefsin kötülüğe çağırabilmesi, 12:23'teki "an nefsihi" ve sığınma ihtiyacına yakın bir iç gerilim okuması sunar.
strong	24:27	Başkasının evine izin ve selam olmadan girmeme buyruğu, 12:23'te ihlal edilen ev içi sınırın açık karşıtıdır.
strong	24:28	İzin yoksa geri dönme buyruğu, erişim talebinin reddedilebilir olduğunu belirginleştirir.
strong	24:58	Özel zamanlarda izin isteme düzeni, evin mahremiyet ve koruma işlevini doğrudan tanımlar.
medium	24:59	Erginlikten sonra izin isteme, ev sınırının sürekli ve sorumluluk taşıyan niteliğini tamamlar.
medium	24:4	Zina isnadı için tanıklık şartı, 12:25'te başlayan tersine suçlamanın adil değerlendirilmesine paraleldir.
medium	24:6	Eşler arasındaki zina isnadı için özel tanıklık usulü, 12:23 sonrası ev içi suçlama ihtilafına ikincil bir çerçeve verir.
medium	24:30	Bakışı indirme ve iffeti koruma buyruğu, 12:23'teki cinsel yöneltmeye karşı davranışsal bir sınır sunar.
medium	24:31	Bakış ve iffet sınırları, kadınların mahremiyetini ve rıza alanını ikincil olarak korur.
medium	33:53	Eve izinle ve iş bitince girip çıkma buyruğu, hane erişiminin sahibinin sınırına bağlı olduğunu gösterir.
medium	33:33	Evde kalma buyruğu, hane sınırı için farklı bir düzen kurar; 12:23'teki zorlayıcı kapanmadan ayrıştırılmalıdır.
strong	4:19	Kadınları zorla tutma ve onları sıkıştırma yasağı, 12:23'teki cinsel baskıya yakın bir karşıt normdur.
medium	2:231	Zarar vermek için tutma yasağı, ilişkiyi baskı aracı yapmayı engelleyen paralel bir ölçüdür.
medium	2:232	Kadınların evlenme kararını engellememe buyruğu, irade alanını daraltan baskıya karşı ikincil bir koruma verir.
medium	4:25	İffet ve gizli ilişkilerden kaçınma dili, 12:23'ün cinsel sınır temasına genel bir paraleldir.
medium	17:32	Zinaya yaklaşmama buyruğu, 12:23'te reddedilen eyleme genel bir ahlaki sınır koyar.
medium	23:5	İffeti koruma, Yusuf'un yöneltmeye karşı korunmasını genel bir erdem diliyle paraleller.
weak	70:29	İffeti koruma tekrar edilir; 23:5'e ek olarak 12:23'ü belirginleştirmez.
strong	16:80	Evlerin sükunet yeri kılınması, 12:23'te koruma işlevi tersine çevrilen ev temasını keskinleştirir.
medium	29:41	Ev edinmenin güvence sağlamaması, kapalı mekanın gerçek koruma sayılmasına karşıt bir uyarı verir.
medium	30:21	Eşler arasındaki sükunet, sevgi ve merhamet, 12:23'teki zorlayıcı ilişkiye ahlaki karşıtlık kurar.
medium	2:187	Karşılıklı örtü olma dili, cinsel ilişkinin sahiplik ve zorlama değil karşılıklılık yönünü ikincil olarak gösterir.
strong	3:36	Meryem ve soyunun Allah'a sığındırılması, koruma talebinin aile ve cinsiyet bağlamındaki yakın paralelidir.
medium	16:98	Şeytanın etkisinden Allah'a sığınma buyruğu, 12:23'teki sığınmayı genel bir koruma disiplini içinde konumlandırır.
strong	41:36	Şeytani kışkırtma karşısında Allah'a sığınma, 12:23'ün ani ahlaki tepkisine doğrudan paraleldir.
medium	3:173	Tehdit haberi karşısında Allah'ın yeterliliğine dayanma, baskı altında güven kaynağını değiştirme temasını destekler.
medium	4:135	Adaleti kendine ve yakınlara karşı da gözetme buyruğu, 12:23 sonrası taraflı suçlamanın değerlendirilmesine genel ölçü verir.
medium	5:8	Düşmanlıkta bile adaletten sapmama buyruğu, ev içi güç asimetrisinde hakkaniyet için ikincil bir ölçüdür.
weak	16:90	Adalet ve kötülüğü yasaklama buyruğu, 12:23'ün zulüm hükmüne genel fakat uzak destek sağlar.
