record_type	focus_ref	target_ref	focus_direction_label	source_direction_label	source_focus_ref	source_target_ref	source_target_component_ref	relation_scope	source_column_order	source_row_role	source_note	source_file	source_line	source_row_sha256
directional_review	56:45	51:16	strong	strong	56:45	51:16	51:16	cross_surah	label_target_note	ranked_review	The same إنهم كانوا قبل ذلك frame with محسنين supplies a close inverse to the focus's مترفين.	focus_56_45_cutoff_100.tsv	1	59cc08d0c0181931904894cafc04378655eb277079dd9ae266496d60eec5cc4d
directional_review	56:45	10:41	medium	medium	56:45	10:41	10:41	cross_surah	label_target_note	ranked_review	The channel-level branch resonance parallels entrenched denial with separated liability, without localizing مترفين.	focus_56_45_cutoff_100.tsv	2	de5efc727b74b9ac335f3fc8c96651991cac2886f073fa7be5e0c44f251b5832
directional_review	56:45	11:116	strong	strong	56:45	11:116	11:116	cross_surah	label_target_note	ranked_review	Explicit أتْرِفُوا and the positive f01 route connect indulgence, following, and جرم.	focus_56_45_cutoff_100.tsv	3	b0d3813998f69a6bb4ca824a0e2ea78f1240bfc143d2db02cc19ffdf6a2cc352
directional_review	56:45	51:46	weak	weak	56:45	51:46	51:46	cross_surah	label_target_note	ranked_review	Its prior Nuh pattern offers only a provisional, broad historical parallel for f02.	focus_56_45_cutoff_100.tsv	4	ecd9aa7942fc8beef2e993d9c98aa7ffd5ebd25cdd97b089a29aef6c3f920c21
directional_review	56:45	56:46	strong	strong	56:45	56:46	56:46	same_surah	label_target_note	ranked_review	The immediate sequel makes persistence in الحنث a concrete continuation of the prior state.	focus_56_45_cutoff_100.tsv	5	fccbfb956a6743618e34ecf23d9c9e2cafb56c853f3663ddd9703b6286e72ce2
directional_review	56:45	11:121	weak	weak	56:45	11:121	11:121	cross_surah	label_target_note	ranked_review	The mixed f02 route concerns position and action, but does not specify indulgence or its reversal.	focus_56_45_cutoff_100.tsv	6	35aed213413e9d34717e7486a6d292808797b9bfe0a983ec5d16ce7f43e2a117
directional_review	56:45	53:52	medium	medium	56:45	53:52	53:52	cross_surah	label_target_note	ranked_review	The prior Nuh community's ظلم and طغيان supplies a compact historical counterpart to the focus's retrospective diagnosis.	focus_56_45_cutoff_100.tsv	7	232f541bec24963ee80a18627f402ee90eb31393fba661cace8419d2f08472fe
directional_review	56:45	56:51	strong	strong	56:45	56:51	56:51	same_surah	label_target_note	ranked_review	The immediate address to الضالون المكذبون identifies the group whose earlier state is named in 56:45.	focus_56_45_cutoff_100.tsv	8	facc4bb6adb8740b17ae9311dc59a9de268ddf2f5587fc9352f9d2d117fc484d
directional_review	56:45	34:34	strong	strong	56:45	34:34	34:34	cross_surah	label_target_note	ranked_review	مترفوها and the positive f01 route add collective rejection of warning as an indulgence-linked pattern.	focus_56_45_cutoff_100.tsv	9	3300e1fba81fc5ff61b30bab6430f3dcbc885965c56860a2eab0cba380d32901
directional_review	56:45	34:54	weak	weak	56:45	34:54	34:54	cross_surah	label_target_note	ranked_review	Its separation from desires and doubtful past offers only a distant outcome parallel.	focus_56_45_cutoff_100.tsv	10	3c094d3208f31446fa35d84d184a67639dbb95af5fdc66d32cf50847a58af0d6
directional_review	56:45	56:47	strong	strong	56:45	56:47	56:47	same_surah	label_target_note	ranked_review	The immediate continuation gives the group's resurrection claim, extending the channel of fixed denial.	focus_56_45_cutoff_100.tsv	11	4eb84973047613f8f514055a42f01c188348faa5648b75c7101754ecb7c97d76
directional_review	56:45	21:13	medium	medium	56:45	21:13	21:13	cross_surah	label_target_note	ranked_review	مَا أُتْرِفْتُمْ فِيهِ and the f01 route place indulgence and dwelling under an ensuing summons.	focus_56_45_cutoff_100.tsv	12	9bf4c805e7c15ca865b0aaded4a8a97bc749ecc02aebaa58d574a37321d00ece
directional_review	56:45	23:64	strong	strong	56:45	23:64	23:64	cross_surah	label_target_note	ranked_review	مترفيهم directly joins the indulgent group to seizure and their exposed reaction, extending f01's consequence.	focus_56_45_cutoff_100.tsv	13	e216d455c479390d9a83e70e7095c245c06f47179df144fbcc2f5bdcf77c79fb
directional_review	56:45	56:6	no value	no value	56:45	56:6	56:6	same_surah	label_target_note	ranked_review	The earlier dust image has no stated link to the focus's prior indulgence.	focus_56_45_cutoff_100.tsv	14	d8c483ba97e44a535f190593b6850ab714185b87fefe1ee9fcd0cdba3db7ffc6
directional_review	56:45	38:16	weak	weak	56:45	38:16	38:16	cross_surah	label_target_note	ranked_review	The provisional f02 route concerns demanding an earlier reckoning, not the focus's prior comfort.	focus_56_45_cutoff_100.tsv	15	6de93aa568ebbd27d03056e8a8c8c88a21559d1c28f0b89ee5fc34ba50f84c32
directional_review	56:45	43:23	medium	medium	56:45	43:23	43:23	cross_surah	label_target_note	ranked_review	مترفوها add inherited practice as a distinct mechanism of warning rejection after the stronger earlier routes.	focus_56_45_cutoff_100.tsv	16	dc9bb9c99a01e3e02ccc494c66ab3254b03c9a5e52aeb8864904c4d7d74f0cc5
directional_review	56:45	3:135	medium	medium	56:45	3:135	3:135	cross_surah	label_target_note	ranked_review	A channel-level contrary shows non-persistence after fault, clarifying by contrast the hardening associated with ch008.	focus_56_45_cutoff_100.tsv	17	dbedbe4e5abc30b503f41a4da6ab1eee60c81fab63c281b3ad0ffdd1857446c0
directional_review	56:45	8:52	medium	medium	56:45	8:52	8:52	cross_surah	label_target_note	ranked_review	The mixed f02 route supplies a recurring conduct-and-consequence pattern across earlier communities.	focus_56_45_cutoff_100.tsv	18	230cde48e40ea74c0d9d991e6ebebb260f7aab1cbd04cee5d8b3c877a607ddf7
directional_review	56:45	70:44	medium	medium	56:45	70:44	70:44	cross_surah	label_target_note	ranked_review	The promised-day humiliation supplies an eschatological outcome against which the prior condition can be read.	focus_56_45_cutoff_100.tsv	19	72e6f1a2463e78fc8809f8812aab2879ae198993ef5470bcee1eafa8ca86c70f
directional_review	56:45	56:48	medium	medium	56:45	56:48	56:48	same_surah	label_target_note	ranked_review	The immediate ancestor question continues the local skeptical speech, though it adds no new indulgence term.	focus_56_45_cutoff_100.tsv	20	495e5a0cb32748db06d74f40dd95c5b3e78433487d9ea48e645c0428d8c311bb
directional_review	56:45	50:41	medium	medium	56:45	50:41	50:41	cross_surah	label_target_note	ranked_review	The mixed f02 route adds the approaching call and accounting horizon to the temporal reversal reading.	focus_56_45_cutoff_100.tsv	21	7483f0548c1790f3eb46ad6cd5b64362617103b9f3608289e385e91e12272efd
directional_review	56:45	17:58	medium	medium	56:45	17:58	17:58	cross_surah	label_target_note	ranked_review	Its town-level destruction or punishment before القيامة gives a parallel outcome frame.	focus_56_45_cutoff_100.tsv	22	63fde10c88d0635ba09ffd341538e9a377788a6eb8f462181dbfc604bfcaad3d
directional_review	56:45	56:49	strong	strong	56:45	56:49	56:49	same_surah	label_target_note	ranked_review	The immediate gathering of الأولين and الآخرين fixes the scheduled setting opposed to the earlier state.	focus_56_45_cutoff_100.tsv	23	0c17ca731aff662eacfe0ea18d8f81f5d9b68d647bb6a3895d09a0621c3adce5
directional_review	56:45	44:17	weak	weak	56:45	44:17	44:17	cross_surah	label_target_note	ranked_review	Its provisional historical trial route is too broad to clarify either focus reading.	focus_56_45_cutoff_100.tsv	24	dadeae12f8a6053e5c4e4831d8f876118c8cb366bd6ff80c1f601c9235926fd8
directional_review	56:45	41:28	weak	weak	56:45	41:28	41:28	cross_surah	label_target_note	ranked_review	Recompense for rejecting signs is a general consequence frame, without a link to مترفين.	focus_56_45_cutoff_100.tsv	25	4b312cf290aa63d4d2a0ff6a6bb71cdb00587463b00b24df9c83853a516227e3
directional_review	56:45	17:16	strong	strong	56:45	17:16	17:16	cross_surah	label_target_note	ranked_review	مترفيها, فسق, and destruction provide a direct settlement-level expansion of f01.	focus_56_45_cutoff_100.tsv	26	a0aac455e287ccdd577289cce448203f13c9130682946c9e9af42ffaa26c499a
directional_review	56:45	58:3	no value	no value	56:45	58:3	58:3	cross_surah	label_target_note	ranked_review	The sole V12 connection is a contrast route, so it is boundary evidence rather than support.	focus_56_45_cutoff_100.tsv	27	932c530b47dcfa8a813720cc38310bcb2c131e35cffdee81d2659f6fa156b08e
directional_review	56:45	57:22	medium	medium	56:45	57:22	57:22	cross_surah	label_target_note	ranked_review	The mixed f02 routes contribute a measured prior-order and event frame, without identifying indulgence.	focus_56_45_cutoff_100.tsv	28	61d588273dde445d1257bd349ae05c4db623493d07b39b145d6aeaf630b6abae
directional_review	56:45	56:50	strong	strong	56:45	56:50	56:50	same_surah	label_target_note	ranked_review	The known appointed day immediately completes the local transition from prior conduct to present outcome.	focus_56_45_cutoff_100.tsv	29	4e57b39e8ecdc8a1a9fa1f26b9488ef78960242759997cb77af16c70127accac
directional_review	56:45	6:135	medium	medium	56:45	6:135	6:135	cross_surah	label_target_note	ranked_review	The mixed f02 route compares positions through their eventual outcome, a secondary reversal parallel.	focus_56_45_cutoff_100.tsv	30	fc854e0fd0ff6df64c62f714bace8f73174defb08c5f7dc980fa0019b86ce984
directional_review	56:45	9:107	no value	no value	56:45	9:107	9:107	cross_surah	label_target_note	ranked_review	Its false-oath setting has no stated connection to prior indulgence or the focus routes.	focus_56_45_cutoff_100.tsv	31	41899219cdd2041d51054deea4fa8025ecbfe5ea5d62801b04af1c4556529139
directional_review	56:45	56:7	weak	weak	56:45	56:7	56:7	same_surah	label_target_note	ranked_review	The local threefold classification is only a broad structural setting for the later group description.	focus_56_45_cutoff_100.tsv	32	12b05c00a621fe80c015c2eb9c884b3f61c6ffd131abc4db46f9a76611618a86
directional_review	56:45	56:88	weak	weak	56:45	56:88	56:88	same_surah	label_target_note	ranked_review	The mixed f02 route concerns a distinct final status and does not clarify مترفين.	focus_56_45_cutoff_100.tsv	33	2487ea2c93ca1d660d01954c78d7f64b6728169f0eb21affc62093471f52df2f
directional_review	56:45	78:27	medium	medium	56:45	78:27	78:27	cross_surah	label_target_note	ranked_review	The shared retrospective frame and refusal of حساب support the denial dimension, but not indulgence itself.	focus_56_45_cutoff_100.tsv	34	f1e45ab50f1538e765ba5f500716ff040379bd0296635c8737a8cb0bead0f506
directional_review	56:45	17:17	weak	weak	56:45	17:17	17:17	cross_surah	label_target_note	ranked_review	The channel-level historical ruin resonance is general and not localized to the focus term.	focus_56_45_cutoff_100.tsv	35	b8e07b293eefda95d4ae32ea9cae360b412005a303665a8cd944296488784861
directional_review	56:45	15:32	weak	weak	56:45	15:32	15:32	cross_surah	label_target_note	ranked_review	The mixed f02 route concerns Iblis's claimed position, a remote analogy.	focus_56_45_cutoff_100.tsv	36	44b275bf0308c3218c6a0fa73fef65be7b8cc54363b10f6a1294e5295c21ae23
directional_review	56:45	30:49	weak	weak	56:45	30:49	30:49	cross_surah	label_target_note	ranked_review	Its prior-state timing is a mixed f02 parallel but lacks the focus's moral or social pattern.	focus_56_45_cutoff_100.tsv	37	79bb30536c13b46564d428e4605f9d57c01927a902d3d1ed6a819c3bed56347d
directional_review	56:45	56:24	weak	weak	56:45	56:24	56:24	same_surah	label_target_note	ranked_review	The local deed-recompense formula gives only a general contrast to the prior state.	focus_56_45_cutoff_100.tsv	38	1b8937e73f7c6cf6870963d7aa17208bbb9cd38c819e899932ef40b6d9407844
directional_review	56:45	38:12	weak	weak	56:45	38:12	38:12	cross_surah	label_target_note	ranked_review	The provisional prior-community route repeats a historical pattern already established more directly.	focus_56_45_cutoff_100.tsv	39	dfeb09c0420107b28972147bce5f408ab4d624b9be94e078871c52781735905c
directional_review	56:45	37:71	weak	weak	56:45	37:71	37:71	cross_surah	label_target_note	ranked_review	Prior widespread misguidance is a broad historical parallel with no indulgence signal.	focus_56_45_cutoff_100.tsv	40	17382d67dab0004fb0a1a528ed8058a153cd0bb9c46f3b996563f58d52f00ba1
directional_review	56:45	21:6	medium	medium	56:45	21:6	21:6	cross_surah	label_target_note	ranked_review	Its channel-level relation places disbelief and destroyed settlements alongside the related indulgence pattern.	focus_56_45_cutoff_100.tsv	41	4ce83532bd7ed04090de93113e394fc2a3a828b9fd45e0bbab3f119a868a63d7
directional_review	56:45	2:4	weak	weak	56:45	2:4	2:4	cross_surah	label_target_note	ranked_review	The provisional f02 temporal continuity is too general to add to the focus reading.	focus_56_45_cutoff_100.tsv	42	06ef043ddb84b8e1d3ee07f2c08cccc56fd3f1ea67fb30ee2851ceec67ae1907
directional_review	56:45	44:37	weak	weak	56:45	44:37	44:37	cross_surah	label_target_note	ranked_review	Its earlier criminal communities repeat the consequence pattern without the focus's distinctive cause.	focus_56_45_cutoff_100.tsv	43	b4e24d333352ef92bcbedd3f63aaa4c7bc52a6840abcd3ec1b37d8823ad67555
directional_review	56:45	56:55	medium	medium	56:45	56:55	56:55	same_surah	label_target_note	ranked_review	This local punishment image contributes an outcome-side contrast to the prior indulgence.	focus_56_45_cutoff_100.tsv	44	5e9eb66fe3ef06dfaa18cc73f31602e2135095cb1fa338d8863bbbbea3d99faf
directional_review	56:45	56:90	medium	medium	56:45	56:90	56:90	same_surah	label_target_note	ranked_review	The mixed f02 route supplies a contrasting enduring group-status at the same final threshold.	focus_56_45_cutoff_100.tsv	45	df98b1fdb2927fcbad0a471f887af72e402364115f7463178a9530e328cca258
directional_review	56:45	37:167	no value	no value	56:45	37:167	37:167	cross_surah	label_target_note	ranked_review	The bare report of a former claim has no stated interpretive connection.	focus_56_45_cutoff_100.tsv	46	3b19c2e1bcd0db156b4db3c521a2686fcc53ae251c582e888bf103c67e16bf37
directional_review	56:45	21:11	medium	medium	56:45	21:11	21:11	cross_surah	label_target_note	ranked_review	The channel-level ruined-settlement relation adds a secondary consequence frame for indulgence.	focus_56_45_cutoff_100.tsv	47	e19cb68f584520eb95961bf091d134d647fb722c8b73e1ecfeb60957730d2fab
directional_review	56:45	2:91	weak	weak	56:45	2:91	2:91	cross_surah	label_target_note	ranked_review	Its provisional f02 route concerns selective reception and an earlier act, not comfort or excess.	focus_56_45_cutoff_100.tsv	48	3d5ea0d526e0a26223751127afd1eb4b22303da3d6b5d79bf880c544c95f4822
directional_review	56:45	43:54	weak	weak	56:45	43:54	43:54	cross_surah	label_target_note	ranked_review	Obedience to a leader and فسق offer only a distant behavioral parallel.	focus_56_45_cutoff_100.tsv	49	e0584bb53b13a15cb28b6fcd40d6bfb2b7137b0a8d31bee1a445e814bdfe2af0
directional_review	56:45	56:26	weak	weak	56:45	56:26	56:26	same_surah	label_target_note	ranked_review	The local greeting of peace is an outcome contrast but does not explain the focus term.	focus_56_45_cutoff_100.tsv	50	71ac2b3c077602682dd4aba52cbdec65c312c13dc190f02164f28207820de2ee
directional_review	56:45	19:57	weak	weak	56:45	19:57	19:57	cross_surah	label_target_note	ranked_review	The mixed f02 route concerns bestowed elevation, a limited contrary parallel to reversal.	focus_56_45_cutoff_100.tsv	51	80acc52d61472697473d92788785361ad830265e2ab8c01bb0d6ce0bdca0b353
directional_review	56:45	37:35	weak	weak	56:45	37:35	37:35	cross_surah	label_target_note	ranked_review	Its arrogance upon proclamation may resemble hardening, but has no stated indulgence route.	focus_56_45_cutoff_100.tsv	52	f7fb07d4bd491e8086f8c39ec8fe97629dca0d0c481c475c1dc00184e093610f
directional_review	56:45	56:92	medium	medium	56:45	56:92	56:92	same_surah	label_target_note	ranked_review	The local category المكذبين الضالين supplies the final counterpart to the group described at 56:45.	focus_56_45_cutoff_100.tsv	53	ceb75de5cf17e86bdf19549e2aa996851abdafc4d78f770338abf891ce8f6872
directional_review	56:45	4:159	weak	weak	56:45	4:159	4:159	cross_surah	label_target_note	ranked_review	The provisional f02 death-boundary route is too remote from the focus's prior condition.	focus_56_45_cutoff_100.tsv	54	2ec54c7632adb88a916bdfe9beeb5695cf8d0cd75ece38de78d10ab665c08db6
directional_review	56:45	89:11	medium	medium	56:45	89:11	89:11	cross_surah	label_target_note	ranked_review	طغوا provides a concise behavioral counterpart to the excess contemplated by f01.	focus_56_45_cutoff_100.tsv	55	8e6a0b8ad78e0f25e5791a18d0cb71d0b215a8bc65ca1e879a04d4b8f1473feb
directional_review	56:45	77:45	weak	weak	56:45	77:45	77:45	cross_surah	label_target_note	ranked_review	The channel-level branch resonance supplies only a broad warning-side parallel.	focus_56_45_cutoff_100.tsv	56	b1afcd69c0459ba6fac47a7b20d1d048e86ed1180495766153eaf6a15c569fc7
directional_review	56:45	23:33	strong	strong	56:45	23:33	23:33	cross_surah	label_target_note	ranked_review	أترفناهم and the positive f01 route add elite denial of the آخِرة as a concrete associated pattern.	focus_56_45_cutoff_100.tsv	57	73018dff6221c00ec8dbe7bbf6e51e97f9685a8804545b8c02e38c92ed36d5a9
directional_review	56:45	26:60	no value	no value	56:45	26:60	26:60	cross_surah	label_target_note	ranked_review	The pursuit scene has no stated route to the focus.	focus_56_45_cutoff_100.tsv	58	255f1cf82d2e413d06ce7b0da5b68e7968996bdf2b4601bc2c1aa224de18857f
directional_review	56:45	56:91	weak	weak	56:45	56:91	56:91	same_surah	label_target_note	ranked_review	The local greeting for أصحاب اليمين offers only a general opposite outcome.	focus_56_45_cutoff_100.tsv	59	3925333b38eea180b59f8ba8d482defa446c76e4a9299d191e9e31f06d2a07d0
directional_review	56:45	39:39	medium	medium	56:45	39:39	39:39	cross_surah	label_target_note	ranked_review	The mixed f02 route compares fixed positions by their ensuing result, reinforcing a secondary reversal reading.	focus_56_45_cutoff_100.tsv	60	1a16124318522cc16d363e27a678fd70efaf2352d8ee14ab0a1de32dbfdf0842
directional_review	56:45	15:93	weak	weak	56:45	15:93	15:93	cross_surah	label_target_note	ranked_review	The accounting for former deeds is generic and does not identify indulgence.	focus_56_45_cutoff_100.tsv	61	037c4b03f9b204ad1b9d01914ccef87ba22121003337d743f966161dbf965c18
directional_review	56:45	77:47	no value	no value	56:45	77:47	77:47	cross_surah	label_target_note	ranked_review	This repeated warning has no additional localized contribution after 77:45.	focus_56_45_cutoff_100.tsv	62	cc2c88267c2f28c465afbae072b9f1663dda5ca291931d835367464a415d3f58
directional_review	56:45	22:42	medium	medium	56:45	22:42	22:42	cross_surah	label_target_note	ranked_review	The mixed f02 route places current denial in a recurring prior-community pattern.	focus_56_45_cutoff_100.tsv	63	95ba1c811f488f7ad54f3fb2b7bdd480becf2892cf0f9b81ce42f0b27dc6086d
directional_review	56:45	19:94	weak	weak	56:45	19:94	19:94	cross_surah	label_target_note	ranked_review	Counting all persons offers a general accountability background only.	focus_56_45_cutoff_100.tsv	64	f47360f45dd128e8b98f0ddcb9378656f9b9503ebbd91a300d98f1bc9f192dd1
directional_review	56:45	56:86	weak	weak	56:45	56:86	56:86	same_surah	label_target_note	ranked_review	The local challenge belongs to the surrounding final-account sequence but adds no focus-specific link.	focus_56_45_cutoff_100.tsv	65	1b742efd965436c0ba0952608dbb99803958516789778b161ec84d0d53969b71
directional_review	56:45	112:4	no value	no value	56:45	112:4	112:4	cross_surah	label_target_note	ranked_review	The provisional claim about incomparable rank is not a parallel to the focus.	focus_56_45_cutoff_100.tsv	66	a5de9aa71c3f93adda571225ca6237fcd4a2e511a78d84534acca11f1a2c935a
directional_review	56:45	21:77	medium	medium	56:45	21:77	21:77	cross_surah	label_target_note	ranked_review	The Nuh community's denial and drowning extend the historical consequence side of the pattern.	focus_56_45_cutoff_100.tsv	67	5ecbff5fbb1d04bc0463feb5792bf6ab5980441376e38adc10090fc168efe5fa
directional_review	56:45	77:49	no value	no value	56:45	77:49	77:49	cross_surah	label_target_note	ranked_review	This repeated warning adds no new focus-specific evidence.	focus_56_45_cutoff_100.tsv	68	fbaaf1926d740328fa7ddf8bc5b4daaddcb92276b683c21e1faf6d52e3e66a6a
directional_review	56:45	35:4	weak	weak	56:45	35:4	35:4	cross_surah	label_target_note	ranked_review	The provisional f02 route only broadens repeated messenger-denial across time.	focus_56_45_cutoff_100.tsv	69	24aaabb39fc5ce5a58febef75c0adc3dc672258896454572c5e27b8c80c1cae8
directional_review	56:45	37:172	no value	no value	56:45	37:172	37:172	cross_surah	label_target_note	ranked_review	The brief promise of aid has no stated connection to prior indulgence.	focus_56_45_cutoff_100.tsv	70	cb00559d6f3af92c29881142129b733f6348186dc33e21a199df10c79a335fdb
directional_review	56:45	56:82	medium	medium	56:45	56:82	56:82	same_surah	label_target_note	ranked_review	The local association of رزق with تكذيب adds a nearby counter-use of provision relevant to f01.	focus_56_45_cutoff_100.tsv	71	57643e141ec67af146ba77bf68bd9f842e3398eaf79b428fffb210e65c86b7fb
directional_review	56:45	39:65	weak	weak	56:45	39:65	39:65	cross_surah	label_target_note	ranked_review	The mixed f02 route marks a transhistorical warning boundary, not indulgence or reversal.	focus_56_45_cutoff_100.tsv	72	7149918be826f6c946739c0f02840f2350263b406583b9bac0f033e2c4e35786
directional_review	56:45	21:74	medium	medium	56:45	21:74	21:74	cross_surah	label_target_note	ranked_review	A corrupt settlement and rescue supply a secondary historical consequence counterpart.	focus_56_45_cutoff_100.tsv	73	505fa5cf5cd231247d2d808277bae3ca055c7780df077f8289efec3a4a460b2f
directional_review	56:45	27:42	no value	no value	56:45	27:42	27:42	cross_surah	label_target_note	ranked_review	The mixed f02 route concerns recognition under altered appearance, not the focus's temporal contrast.	focus_56_45_cutoff_100.tsv	74	f067e1be9f1099824f261a4a49dce7b7694f1851efe28ac6b9559b68a57f27cb
directional_review	56:45	46:18	weak	weak	56:45	46:18	46:18	cross_surah	label_target_note	ranked_review	The verdict across prior communities is a broad loss pattern already covered by closer cards.	focus_56_45_cutoff_100.tsv	75	728e234445d06631ad539932172444b75079e53b2e2bc1ee8a8f3acc6dabc01a
directional_review	56:45	4:26	weak	weak	56:45	4:26	4:26	cross_surah	label_target_note	ranked_review	The mixed f02 route treats earlier ways as guidance material, only distantly related to the retrospective frame.	focus_56_45_cutoff_100.tsv	76	a61664ff239b4f31f07a598e808bbca77a2b28b88e3218507a9db2e4265c3a7d
directional_review	56:45	16:39	weak	weak	56:45	16:39	16:39	cross_surah	label_target_note	ranked_review	Future exposure of falsehood supplies a generic outcome connection.	focus_56_45_cutoff_100.tsv	77	140138ee6e78db916bd041bf4e9ab4624a2b0629ccf93beb1212560cf5dd87b5
directional_review	56:45	41:43	medium	medium	56:45	41:43	41:43	cross_surah	label_target_note	ranked_review	The mixed f02 route identifies recurring resistance to messengers across prior communities.	focus_56_45_cutoff_100.tsv	78	ad97515af3e12b4b7fa4bf82128fe57b09e076fef47e69181455257f86046c4a
directional_review	56:45	27:12	weak	weak	56:45	27:12	27:12	cross_surah	label_target_note	ranked_review	Its description of Pharaoh's people as فاسقين is a distant behavioral parallel only.	focus_56_45_cutoff_100.tsv	79	aed9686ce98796046c65c4a11d57b9188a9777747c922c581599d104bdbc453d
directional_review	56:45	27:38	no value	no value	56:45	27:38	27:38	cross_surah	label_target_note	ranked_review	Its before-submission timing concerns political transfer, not the focus routes.	focus_56_45_cutoff_100.tsv	80	4cf91b2f11bb7c1ab9290096464f5a9912209f722ab180c6a36a97fb3dc6c8ab
directional_review	56:45	7:64	medium	medium	56:45	7:64	7:64	cross_surah	label_target_note	ranked_review	The Nuh narrative joins denial to drowning, adding a concise historical consequence parallel.	focus_56_45_cutoff_100.tsv	81	786c0ce0f2e27cfc8df58eb8584395a669b377f2af0c663f56af4339ff22d606
directional_review	56:45	19:67	medium	medium	56:45	19:67	19:67	cross_surah	label_target_note	ranked_review	The mixed f02 route makes prior creation evidence against the local resurrection denial.	focus_56_45_cutoff_100.tsv	82	357721db8eb4e96cac4591c25e00388f7cf841aa7a6058627f17eb1eb9b037fe
directional_review	56:45	28:32	no value	no value	56:45	28:32	28:32	cross_surah	label_target_note	ranked_review	It repeats the Pharaoh mission setting without adding to 27:12.	focus_56_45_cutoff_100.tsv	83	44015ff2b642bd0d548f632778e63f20e56351317eedbb9bc0cccccfed641145
directional_review	56:45	69:9	medium	medium	56:45	69:9	69:9	cross_surah	label_target_note	ranked_review	The mixed f02 route gathers prior communities into one conduct-and-consequence pattern.	focus_56_45_cutoff_100.tsv	84	5eeccd82c7b477d85ac1d60ef38bcf3ae57b99d046ba2d3ffbb5c11fcf5c219b
directional_review	56:45	28:64	medium	medium	56:45	28:64	28:64	cross_surah	label_target_note	ranked_review	The failure of invoked associates at punishment supplies a secondary final-outcome contrast.	focus_56_45_cutoff_100.tsv	85	0fc03725ff40a95c743638f76d1579890bd150a62b7aaa5bcf17e83051e1907d
directional_review	56:45	27:46	medium	medium	56:45	27:46	27:46	cross_surah	label_target_note	ranked_review	The mixed f02 route foregrounds a reversed temporal order and a pre-harm alternative.	focus_56_45_cutoff_100.tsv	86	b33c630a82e87e55919ac3959d6301c1ed4969d8dd0295ef57af95ba49109db7
directional_review	56:45	43:76	weak	weak	56:45	43:76	43:76	cross_surah	label_target_note	ranked_review	Self-wronging offers only a general retrospective responsibility frame.	focus_56_45_cutoff_100.tsv	87	b022b467524579b47e88c075fb066e6f0a051d642f9de5609ba6f60d494bff50
directional_review	56:45	52:26	strong	strong	56:45	52:26	52:26	cross_surah	label_target_note	ranked_review	The same retrospective قبل frame gives a contrary prior state whose later protection sharpens f02's reversal.	focus_56_45_cutoff_100.tsv	88	1f9bd53e9d57202771b72ee36a41e37a149203e035c4d8722ded859a1426e1bf
directional_review	56:45	21:90	weak	weak	56:45	21:90	21:90	cross_surah	label_target_note	ranked_review	Its haste in good and humility form only a distant contrary to the focus channel.	focus_56_45_cutoff_100.tsv	89	cf1e0e490158663c6a3f9fdfc4517614c0033ea88cd2deddf70d7cbe2cff252c
directional_review	56:45	36:67	weak	weak	56:45	36:67	36:67	cross_surah	label_target_note	ranked_review	The mixed f02 route concerns immobilization at a position, not prior indulgence.	focus_56_45_cutoff_100.tsv	90	ecb496d01ea57496dc4bec0c00c4a67599f4a6ccf75c0fc0b0de1b7acfc537be
directional_review	56:45	52:34	no value	no value	56:45	52:34	52:34	cross_surah	label_target_note	ranked_review	Tail audit: the local challenge to produce comparable speech does not clarify 56:45.	focus_56_45_cutoff_100.tsv	91	30f4744e4883fcacf35bed6d478d321fecb6ad0ef9073ea24874d1320754d09a
directional_review	56:45	46:26	weak	weak	56:45	46:26	46:26	cross_surah	label_target_note	ranked_review	Tail audit: prior endowment failing amid rejection is a distant consequence parallel.	focus_56_45_cutoff_100.tsv	92	df027b15e5578ea94ed689bc028d3c5812eb5d78af7a325154956b4f3f870e17
directional_review	56:45	2:254	weak	weak	56:45	2:254	2:254	cross_surah	label_target_note	ranked_review	Tail audit: the coming day supplies only a generic temporal boundary.	focus_56_45_cutoff_100.tsv	93	44f71a020e54540004f12fdf9bd20a106744856c35e013f126658759ee20993f
directional_review	56:45	2:102	no value	no value	56:45	2:102	2:102	cross_surah	label_target_note	ranked_review	Tail audit: this magic and harm passage has no stated focus route.	focus_56_45_cutoff_100.tsv	94	478b69d109d1f2d23464dba48715be9a4772a124d4ae71afea3ff854aa848bf3
directional_review	56:45	26:181	no value	no value	56:45	26:181	26:181	cross_surah	label_target_note	ranked_review	Tail audit: the commercial-measure command has no connection to the focus.	focus_56_45_cutoff_100.tsv	95	5f63cf0c9f59d54162b84d37d824de371892743b5a04c52e791f004a32bb5766
directional_review	56:45	2:196	no value	no value	56:45	2:196	2:196	cross_surah	label_target_note	ranked_review	Tail audit: ritual procedure and its conditions do not add to 56:45.	focus_56_45_cutoff_100.tsv	96	9b8766d0040495d8fd1ccf21122d31d9f744ef1948df83b512c12be7c55471a7
directional_review	56:45	4:11	no value	no value	56:45	4:11	4:11	cross_surah	label_target_note	ranked_review	Tail audit: inheritance allocation has no stated focus connection.	focus_56_45_cutoff_100.tsv	97	96ec76fc30b37c3ee6b3f64dd7451bbd876f829b44e35fad00e965a7998629c6
directional_review	56:45	46:15	no value	no value	56:45	46:15	46:15	cross_surah	label_target_note	ranked_review	Tail audit: family gratitude and repentance do not clarify the focus.	focus_56_45_cutoff_100.tsv	98	0db18f293e6cd8b64bfc83a030586abc5c8a1b1e177486cc501c018392ec4438
directional_review	56:45	73:20	no value	no value	56:45	73:20	73:20	cross_surah	label_target_note	ranked_review	Tail audit: worship and situational easing have no stated focus route.	focus_56_45_cutoff_100.tsv	99	7e53244d4177501adaff60394d74c2085d4f85366c4e539634dfbe3bddafec34
directional_review	56:45	57:4	no value	no value	56:45	57:4	57:4	cross_surah	label_target_note	ranked_review	Tail audit: the creation-and-knowledge passage has no stated focus connection.	focus_56_45_cutoff_100.tsv	100	b6106a701275837759c520fac38130333c3bb1f1b5484691e1c6ae0551222c95
directional_review	56:45	6:44	strong	strong	56:45	6:44	6:44	cross_surah	label_target_note	missing_ayah_suggestion	Opening the gates of every thing, joy in what was given, and sudden seizure provide a direct f01 consequence pattern.	focus_56_45_cutoff_100.tsv	101	3ab144bac52b6e04c4f39aedaf575b741aaa57c55f98ab02d33402fcf8edc468
directional_review	56:45	7:95	strong	strong	56:45	7:95	7:95	cross_surah	label_target_note	missing_ayah_suggestion	The movement from hardship to abundance, complacent speech, and sudden seizure sharply develops both focus readings.	focus_56_45_cutoff_100.tsv	102	b4d9a6188e92b11914841fb5ae922ddc38e93bc172c7147ecc289f5c82c6f645
directional_review	56:45	9:55	strong	strong	56:45	9:55	9:55	cross_surah	label_target_note	missing_ayah_suggestion	أموال and أولاد are explicitly placed within a punitive unfolding in الدنيا, a close f02 reversal parallel.	focus_56_45_cutoff_100.tsv	103	49425b797cb4a6303ca0c0e25f8dfaea6ecc5231f4e43c2e8ce5428940c0dfa1
directional_review	56:45	9:85	weak	weak	56:45	9:85	9:85	cross_surah	label_target_note	missing_ayah_suggestion	This repeats the 9:55 wealth-and-children warning and adds little beyond it.	focus_56_45_cutoff_100.tsv	104	2addba45d72daa6205fde1cfdba1ea6035d6ecc307a48cbd1c21cc02469e22fe
directional_review	56:45	10:24	strong	strong	56:45	10:24	10:24	cross_surah	label_target_note	missing_ayah_suggestion	The flourishing زينة of الدنيا followed by abrupt command and reduction offers a strong temporal reversal counterpart.	focus_56_45_cutoff_100.tsv	105	35e699584396f13e4a6fa159d95974ec6fc959210751ea3a98cd8bd5a1f0537e
directional_review	56:45	10:88	medium	medium	56:45	10:88	10:88	cross_surah	label_target_note	missing_ayah_suggestion	فرعون's زينة and أموال are linked to misguidance, giving a concrete elite-affluence setting.	focus_56_45_cutoff_100.tsv	106	c728b3e873785326e20b92840a55cc01d311829702964a75838c395410a10a57
directional_review	56:45	11:15	medium	medium	56:45	11:15	11:15	cross_surah	label_target_note	missing_ayah_suggestion	Seeking الحياة الدنيا and زينتها supplies a direct orientation contrast to the focus's retrospective state.	focus_56_45_cutoff_100.tsv	107	a66056f8e07ac372fd90c91892a3990d198c83e93e962a41f6706ce2e4bdd1fd
directional_review	56:45	11:16	medium	medium	56:45	11:16	11:16	cross_surah	label_target_note	missing_ayah_suggestion	The immediate sequel fixes the eventual nullification of that worldly orientation.	focus_56_45_cutoff_100.tsv	108	23326dbccdc0fecb0398bbb4afe95d7273b4c19941e5765f3ee2fbbd8090a315
directional_review	56:45	14:3	medium	medium	56:45	14:3	14:3	cross_surah	label_target_note	missing_ayah_suggestion	Preferring الحياة الدنيا and its adornment gives a concise alternative formulation of the underlying orientation.	focus_56_45_cutoff_100.tsv	109	f1a1759dc84b03be6901f337cda86f000265689a6a8c53dc108bf755ff4ebc66
directional_review	56:45	16:112	strong	strong	56:45	16:112	16:112	cross_surah	label_target_note	missing_ayah_suggestion	A secure, provided town that rejects نعمة and then tastes hunger and fear is a close collective f02 reversal.	focus_56_45_cutoff_100.tsv	110	c02f56d5eedb295921583c542ed7d63b13dbcd9db5f73ade5e72c70da40b4956
directional_review	56:45	18:28	medium	medium	56:45	18:28	18:28	cross_surah	label_target_note	missing_ayah_suggestion	The warning against seeking زينة الحياة الدنيا supplies a boundary reading for comfort and display.	focus_56_45_cutoff_100.tsv	111	7f98a06b88da5f30dd5c0d9bd9a34df03ff6f6dd28ba3fd783e7203860a7c290
directional_review	56:45	18:32	medium	medium	56:45	18:32	18:32	cross_surah	label_target_note	missing_ayah_suggestion	The paired-garden setting begins a concentrated narrative of possession, claim, and loss.	focus_56_45_cutoff_100.tsv	112	0ab909446d7c21432a9c02fb5619344fbb6a77481d8b9e2f694213b982285bcf
directional_review	56:45	18:34	strong	strong	56:45	18:34	18:34	cross_surah	label_target_note	missing_ayah_suggestion	ثمر and the comparative claim to greater مال make privileged self-assessment explicit.	focus_56_45_cutoff_100.tsv	113	9682ee9f5e7e4746615132fbf0d363bfa0cba1f853d07551c1a778809cfaf50c
directional_review	56:45	18:35	strong	strong	56:45	18:35	18:35	cross_surah	label_target_note	missing_ayah_suggestion	Entering the garden while wronging oneself gives the moral posture within the affluent setting.	focus_56_45_cutoff_100.tsv	114	4b7a6f759b592ee4aa36768e9fcf0991dee2b2075f8528d1d030ffff157be02c
directional_review	56:45	18:42	strong	strong	56:45	18:42	18:42	cross_surah	label_target_note	missing_ayah_suggestion	The garden's destruction supplies the narrative consequence that completes the earlier wealth claim.	focus_56_45_cutoff_100.tsv	115	d06023caa017f675106c888cbec084441a823fa2aeb02114971a6f2374af0427
directional_review	56:45	18:46	medium	medium	56:45	18:46	18:46	cross_surah	label_target_note	missing_ayah_suggestion	مال and بنون are named as زينة الحياة الدنيا, clarifying their non-final status.	focus_56_45_cutoff_100.tsv	116	f3bf3d7e02dbf1c261330e73df375819ed0b8458c4d176ae9dec60903c62393d
directional_review	56:45	19:74	medium	medium	56:45	19:74	19:74	cross_surah	label_target_note	missing_ayah_suggestion	The destruction of generations marked by أثاث and رئيا adds an earlier historical display-and-loss parallel.	focus_56_45_cutoff_100.tsv	117	f401d4318e4933c3ccaa9c5fb9d988c3259a22e22aa717f61b5b484eacd86cb3
directional_review	56:45	20:131	medium	medium	56:45	20:131	20:131	cross_surah	label_target_note	missing_ayah_suggestion	What others are given as زهرة الحياة الدنيا is explicitly framed as a test, a useful boundary for f01.	focus_56_45_cutoff_100.tsv	118	2a4b23335ab6af0f1186024ec692b5868a7c00e8d93f39224ca668a872e40a52
directional_review	56:45	23:55	strong	strong	56:45	23:55	23:55	cross_surah	label_target_note	missing_ayah_suggestion	The question about ongoing مال and بنين directly challenges a positive reading of expanded provision.	focus_56_45_cutoff_100.tsv	119	dbdf5707c4313b7893520b23ea547539be6be1bb0d6181b10cd3f1ac876690d9
directional_review	56:45	23:56	strong	strong	56:45	23:56	23:56	cross_surah	label_target_note	missing_ayah_suggestion	Its immediate denial of that inference preserves the test and consequence dimensions of f01 and f02.	focus_56_45_cutoff_100.tsv	120	64dc7e352e68b136865e0343e7f56a7d834607a84c5c22d24c464659f9a734e6
directional_review	56:45	25:18	medium	medium	56:45	25:18	25:18	cross_surah	label_target_note	missing_ayah_suggestion	Extended enjoyment leading to forgetting الذكر supplies a compact indulgence-to-neglect pattern.	focus_56_45_cutoff_100.tsv	121	7752b1a31e83b06039ba6e3fbb37a54eba2f85385b016034a47a0bc4989e9812
directional_review	56:45	26:146	strong	strong	56:45	26:146	26:146	cross_surah	label_target_note	missing_ayah_suggestion	The secure scene of gardens, springs, crops, and dwellings provides a close environmental setting for مترفين.	focus_56_45_cutoff_100.tsv	122	e1079589624af75eac71bdcde38ab955a84b2b511110df7a1867153a5c9694ce
directional_review	56:45	26:151	strong	strong	56:45	26:151	26:151	cross_surah	label_target_note	missing_ayah_suggestion	The command not to obey المسرفين names the unrestrained conduct that f01 places alongside ease.	focus_56_45_cutoff_100.tsv	123	7519392d44c15fbb8557bde448bccb2955dc018f7dd2af226a19febff9748b5f
directional_review	56:45	26:152	strong	strong	56:45	26:152	26:152	cross_surah	label_target_note	missing_ayah_suggestion	The immediate definition of those who cause فساد completes the behavioral extension of 26:151.	focus_56_45_cutoff_100.tsv	124	4e89c7adee1532bb624fde56cc78212eeebf4dddb5ec65724684e019976178b7
directional_review	56:45	27:48	medium	medium	56:45	27:48	27:48	cross_surah	label_target_note	missing_ayah_suggestion	The town's destructive رهط supplies a secondary settlement-level pattern of corruption and consequence.	focus_56_45_cutoff_100.tsv	125	a08e783d53c6efcd9a65d494ca0be6b9f9447c008078d603c5662b77aa7a8a3c
directional_review	56:45	28:58	strong	strong	56:45	28:58	28:58	cross_surah	label_target_note	missing_ayah_suggestion	Destroyed towns whose living had become extravagant directly join livelihood, ruin, and abandoned dwellings.	focus_56_45_cutoff_100.tsv	126	dcd1ca5dad5ea4d813ca312fa2a3e915327e04ce883769e13f48f517df0fc8cf
directional_review	56:45	28:76	strong	strong	56:45	28:76	28:76	cross_surah	label_target_note	missing_ayah_suggestion	قارون's بغي amid wealth whose keys burden a group is one of the clearest individualized f01 parallels.	focus_56_45_cutoff_100.tsv	127	433fdc18772a57994712b026496f635249f869060945b535da6cf4a042b4e4a5
directional_review	56:45	28:78	medium	medium	56:45	28:78	28:78	cross_surah	label_target_note	missing_ayah_suggestion	The claim that wealth is possessed through personal knowledge makes the self-securing posture explicit.	focus_56_45_cutoff_100.tsv	128	d015bd9d97a4a9bcfbe8d88c0434772949dd125e859d114d12fbbf49ccd29785
directional_review	56:45	28:81	strong	strong	56:45	28:81	28:81	cross_surah	label_target_note	missing_ayah_suggestion	The swallowing of قارون and his dwelling provides the consequence side of the prior affluence narrative.	focus_56_45_cutoff_100.tsv	129	03e4c912aaa399d6ed0e73c48219d12fc57fc84101d09f3d386bd7dcdcbf7999
directional_review	56:45	28:82	medium	medium	56:45	28:82	28:82	cross_surah	label_target_note	missing_ayah_suggestion	The aftermath corrects the assumption that provision proves secure standing, sharpening f02.	focus_56_45_cutoff_100.tsv	130	0d58daa4407bae3771bd43343d748402f4e2b18fb8bf58aeda2a5edd9d086967
directional_review	56:45	34:35	strong	strong	56:45	34:35	34:35	cross_surah	label_target_note	missing_ayah_suggestion	The boast of greater wealth and children together with immunity from punishment is a direct elite-indulgence claim.	focus_56_45_cutoff_100.tsv	131	fbc30830aa68b025c3a8f03bb888721a8ef5b13a14423f91b541629ab9b17a5d
directional_review	56:45	34:36	medium	medium	56:45	34:36	34:36	cross_surah	label_target_note	missing_ayah_suggestion	The next ayah's provision frame limits the inference that expansion itself establishes favor.	focus_56_45_cutoff_100.tsv	132	f5273aea87fb5de318aea38e5dae64f64c00bde28e3a5bf730c9231a9046aff6
directional_review	56:45	39:49	medium	medium	56:45	39:49	39:49	cross_surah	label_target_note	missing_ayah_suggestion	When prosperity is received after distress, the claim of possessing it through knowledge gives a close test-and-claim parallel.	focus_56_45_cutoff_100.tsv	133	8c7dfeb0f3cd6259c988a1d530c1da77f44adc0768ca5148f85dca81aeecedc4
directional_review	56:45	43:33	strong	strong	56:45	43:33	43:33	cross_surah	label_target_note	missing_ayah_suggestion	Worldly houses, roofs, stairs, and doors of silver make luxury's provisional worldly scale explicit.	focus_56_45_cutoff_100.tsv	134	4dffcb6d6d1deb5d1ca69b105aa081a3b73239c256b08f82643f55e573d88c6e
directional_review	56:45	43:35	strong	strong	56:45	43:35	43:35	cross_surah	label_target_note	missing_ayah_suggestion	زخرف and the statement that all of it is متاع الحياة الدنيا strongly bound the value of affluence.	focus_56_45_cutoff_100.tsv	135	db3c053b387af162ad14f3a18f69392ec90bc598239d47bae70e3489e2932fa5
directional_review	56:45	57:20	strong	strong	56:45	57:20	57:20	cross_surah	label_target_note	missing_ayah_suggestion	Play, adornment, boasting, and competition in wealth and children offer a direct conceptual parallel to f01.	focus_56_45_cutoff_100.tsv	136	a51a53b67ec943fab04754047a11feb886aee9c88e256bdc6bf91fd0d3e8953d
directional_review	56:45	68:17	medium	medium	56:45	68:17	68:17	cross_surah	label_target_note	missing_ayah_suggestion	The garden owners' trial begins a focused narrative of possessed abundance under moral testing.	focus_56_45_cutoff_100.tsv	137	50a3b0f2e7ed42f215c1b19caff73b7d6faf540912accf2e3347671affb3aeac
directional_review	56:45	68:32	strong	strong	56:45	68:32	68:32	cross_surah	label_target_note	missing_ayah_suggestion	Their recognition after loss gives the consequence and reversal endpoint of that garden narrative.	focus_56_45_cutoff_100.tsv	138	329c41c81d0000f36b42a628c6b6ad25eed86298b00853c3fbf1abe2e3e7132f
directional_review	56:45	74:11	strong	strong	56:45	74:11	74:11	cross_surah	label_target_note	missing_ayah_suggestion	The solitary figure given extended wealth, visible sons, and ease supplies a direct individualized affluence setting.	focus_56_45_cutoff_100.tsv	139	506b758dff5c8ae2212151c3fa0525d366da8338eb85bbd6af9aeae0dd3bf367
directional_review	56:45	74:15	medium	medium	56:45	74:15	74:15	cross_surah	label_target_note	missing_ayah_suggestion	His expectation of further increase identifies the self-extending posture within that setting.	focus_56_45_cutoff_100.tsv	140	eba05ed388771281aa7540dca16b6fdc6fe7a9773e3b13108d058b6909d13fa5
directional_review	56:45	74:17	medium	medium	56:45	74:17	74:17	cross_surah	label_target_note	missing_ayah_suggestion	The promised arduous ascent supplies a consequence-side counterpoint to the earlier تمهيد.	focus_56_45_cutoff_100.tsv	141	eba5ef6b2c9437c6162b3a0c2f80cbda8ee0403e6f1d6acc7066f70027113b41
directional_review	56:45	89:15	strong	strong	56:45	89:15	89:15	cross_surah	label_target_note	missing_ayah_suggestion	إكرامه and تنعيمه followed by the human claim of honor directly articulates one side of f02.	focus_56_45_cutoff_100.tsv	142	9280e1a556b6dfb4c02e053bb7c02af771e97b3b5165951374844d97b31116d1
directional_review	56:45	89:16	strong	strong	56:45	89:16	89:16	cross_surah	label_target_note	missing_ayah_suggestion	Constriction of رزق and the claim of humiliation directly articulates the opposed side of f02.	focus_56_45_cutoff_100.tsv	143	ba0476a51f79286829ab58d845dcbcf0993668c43feadd0c36970fa5d4ba46c4
directional_review	56:45	89:17	medium	medium	56:45	89:17	89:17	cross_surah	label_target_note	missing_ayah_suggestion	The corrective كلا prevents treating the honor-and-humiliation claims as the final measure.	focus_56_45_cutoff_100.tsv	144	61605c2cd9aa4c98cebf0d7f25bffd3f63dd3831f7fafb688a15fb5ff77f2a36
directional_review	56:45	89:20	medium	medium	56:45	89:20	89:20	cross_surah	label_target_note	missing_ayah_suggestion	Intense love of مال names an attachment that can underlie the focus's indulgence reading.	focus_56_45_cutoff_100.tsv	145	ea6c81382b5e1806cc2c0c565e3f2b810a327d5f1e700ba2ff513bbdab1a320e
directional_review	56:45	92:8	strong	strong	56:45	92:8	92:8	cross_surah	label_target_note	missing_ayah_suggestion	بخل and استغنى provide a concise behavioral route from self-sufficiency to the focus's excess dimension.	focus_56_45_cutoff_100.tsv	146	61f351aa1f3db5717b6fb82a3bb7958118f541b679fc52bd91fbb4b1e945331b
directional_review	56:45	92:10	medium	medium	56:45	92:10	92:10	cross_surah	label_target_note	missing_ayah_suggestion	The facilitation toward العسرى supplies the consequence-side continuation of 92:8.	focus_56_45_cutoff_100.tsv	147	86d05abdc378e3505bc14427c16d9caf6a9c8e1898889f37f1d648d2cb49fb4d
directional_review	56:45	96:6	strong	strong	56:45	96:6	96:6	cross_surah	label_target_note	missing_ayah_suggestion	The declaration that the human exceeds bounds is a direct behavioral formulation for f01.	focus_56_45_cutoff_100.tsv	148	fa4151427c12f542d65dd3433306a412e80b07b3e86686bd71b8a62389c7d3ce
directional_review	56:45	96:7	strong	strong	56:45	96:7	96:7	cross_surah	label_target_note	missing_ayah_suggestion	Seeing oneself as self-sufficient gives the stated trigger for that تجاوز.	focus_56_45_cutoff_100.tsv	149	203a85c244281a4a405ec87b0fe1ec910c4b897b01b2d04733549894d71632b0
directional_review	56:45	102:1	strong	strong	56:45	102:1	102:1	cross_surah	label_target_note	missing_ayah_suggestion	تكاثر explicitly names the competitive accumulation pattern closely adjacent to indulgence.	focus_56_45_cutoff_100.tsv	150	04b280a0a434c0ca8466388e7ca8d9c5a99ef43e3a65fe16bd74d4d02115d6dc
directional_review	56:45	102:8	medium	medium	56:45	102:8	102:8	cross_surah	label_target_note	missing_ayah_suggestion	Questioning about نعيم supplies an accountability endpoint for the comfort dimension.	focus_56_45_cutoff_100.tsv	151	6b21f7ea29e0900c3955fc183e0baaaa6bcb2298c1ffa1b75c17b8643cca7e6b
directional_review	56:45	104:2	medium	medium	56:45	104:2	104:2	cross_surah	label_target_note	missing_ayah_suggestion	Accumulating and counting wealth adds a concrete possessive pattern related to f01.	focus_56_45_cutoff_100.tsv	152	ae6fa338f170c2854ebda3b546f368bf05b9baab2df9d98ad700e3eb69ca2b10
directional_review	56:45	104:3	medium	medium	56:45	104:3	104:3	cross_surah	label_target_note	missing_ayah_suggestion	The belief that wealth grants permanence supplies a clear false-security counterpart to f02.	focus_56_45_cutoff_100.tsv	153	2e48205e903a41bf3bd0c7f7029df378dd26b14a206dcf3b5759ef5cf42699e2
reciprocal_counterevidence	56:45	2:4		no value	2:4	56:45	56:45	cross_surah	label_target_note	ranked_review	"Before" refers to former ease, not prior revelation or the last day.	focus_2_4_cutoff_100.tsv	65	83707b03539e592d19932b010dd1bbb73cb3226125157b13b0f3ddf10c3d4a49
reciprocal_counterevidence	56:45	2:91		no value	2:91	56:45	56:45	cross_surah	label_target_note	ranked_review	Prior luxury is not a focused parallel to the claimed belief.	focus_2_91_cutoff_100.tsv	81	1805a34824567be9550837d66d4b8be17d39355931f44112b8a9325c74a6b356
reciprocal_counterevidence	56:45	3:24		no value	3:24	56:45	56:45	cross_surah	label_target_note	ranked_review	Prior luxury alone does not clarify the focus.	focus_3_24_cutoff_100.tsv	81	fce888729fcd9570bad1196f5169025da2b823a54b2f987ad553d588156b58f0
reciprocal_nomination	56:45	3:135		weak	3:135	56:45	56:45	cross_surah	label_target_note	ranked_review	Indulgence is a distant precursor in the channel that culminates in persistent grave wrongdoing.	focus_3_135_cutoff_100.tsv	29	fedb3e0ada9be97ea2ebb3ba45ca0b13b891e6f6a7e46202f90b7bde28ed09d9
reciprocal_counterevidence	56:45	6:24		no value	6:24	56:45	56:45	cross_surah	label_target_note	ranked_review	No meaningful route to the focus.	focus_6_24_cutoff_100.tsv	91	a7061605e64cad4f36075909075a34299ab652e5aeff3a3b88e0f714bd6cb5ce
reciprocal_nomination	56:45	6:135		weak	6:135	56:45	56:45	cross_surah	label_target_note	ranked_review	A secondary reversal of ease, without a clear route to the focus’s verdict.	focus_6_135_cutoff_100.tsv	36	a952b5bfd5162da2b36f39de56d583b80738c249945fa0742701754a5b25f8ae
reciprocal_counterevidence	56:45	6:156		no value	6:156	56:45	56:45	cross_surah	label_target_note	ranked_review	Önceki refah hâli, kitap veya bilgisizlik mazeretiyle ilgili değildir.	focus_6_156_cutoff_100.tsv	75	b82774cb40e5a0a9933459a898d0b86db2e44b50f3bbf2fdb623b1ba868041bb
reciprocal_counterevidence	56:45	7:123		no value	7:123	56:45	56:45	cross_surah	label_target_note	ranked_review	Generic reversal of ease and punishment is too remote.	focus_7_123_cutoff_100.tsv	59	9289730b52b9f49c980ca04dab2bec9267c0058e3bdeffcdabbb2ad27b65d611
reciprocal_nomination	56:45	7:129		weak	7:129	56:45	56:45	cross_surah	label_target_note	ranked_review	Earlier luxury gives only a weak historical reversal pattern.	focus_7_129_cutoff_100.tsv	80	2e51cc1525c8a60ba57302677e4423174d208b73563bdc5e0f0c61ce819a6635
reciprocal_counterevidence	56:45	8:52		no value	8:52	56:45	56:45	cross_surah	label_target_note	ranked_review	Does not materially clarify the focus's recurrent pattern of rejection and seizure.	focus_8_52_cutoff_100.tsv	66	5f513ec5e1ffaf1678d14038a28cac60a70a9c395313773b9cb1a8d177d44634
reciprocal_counterevidence	56:45	9:9		no value	9:9	56:45	56:45	cross_surah	label_target_note	ranked_review	Only names prior luxury, with no usable connection to 9:9.	focus_9_9_cutoff_100.tsv	70	acbc8bae6035a5699cfeaa4cd97374dfc107c4c08f1a210f381ee1e8e4cd07f3
reciprocal_counterevidence	56:45	9:95		no value	9:95	56:45	56:45	cross_surah	label_target_note	ranked_review	No clear focused link beyond generic past-state wording.	focus_9_95_cutoff_100.tsv	88	44a94f2dc3a4aa9a58e0e9ad9d0bd00026163925043318ecd99a82cc8661e064
reciprocal_nomination	56:45	10:12		weak	10:12	56:45	56:45	cross_surah	label_target_note	ranked_review	Names affluent ease as a possible background for excess.	focus_10_12_cutoff_100.tsv	91	955ecce1af3da94a18231bbb8642417102f249ddcebab5f74faaa2d595aca601
reciprocal_nomination	56:45	10:41		weak	10:41	56:45	56:45	cross_surah	label_target_note	ranked_review	Channel resonance concerns hardening, but the verse itself adds little here.	focus_10_41_cutoff_100.tsv	26	8ea6bb92542e99151bca29a82d73784ae6fd86381e6cee66f7716d3a9c8dd6f6
reciprocal_counterevidence	56:45	10:74		no value	10:74	56:45	56:45	cross_surah	label_target_note	ranked_review	Prior luxury alone has no focused explanatory role.	focus_10_74_cutoff_100.tsv	55	2e52e881ecf63cc3c0934ee45842d06958bd5944605362264dab57d6e90f1b5a
reciprocal_nomination	56:45	10:91		weak	10:91	56:45	56:45	cross_surah	label_target_note	ranked_review	Prior ease is too nonspecific to add interpretive value.	focus_10_91_cutoff_100.tsv	56	282201b166ec9f7cd9b0f5a11d47e71d5e85d19158693ec1bdc2f35fce8a8dff
reciprocal_nomination	56:45	11:116		strong	11:116	56:45	56:45	cross_surah	label_target_note	ranked_review	Its reading identifies indulgence as the condition that loosens limits before culpability.	focus_11_116_cutoff_100.tsv	9	f9966a576a3d4807a083e1b9366f3d26398cfcc0f81e2cc174a7dfb009858579
reciprocal_nomination	56:45	11:121		weak	11:121	56:45	56:45	cross_surah	label_target_note	ranked_review	Its prior ease supplies only a distant contrast with the later consequences faced by a party.	focus_11_121_cutoff_100.tsv	12	77d82877f8c0f1fcde5f2cff8dfc39688ca07cc3665df65ce4cbed06e0b9a258
reciprocal_nomination	56:45	12:80		weak	12:80	56:45	56:45	cross_surah	label_target_note	ranked_review	Past ease and later reversal only faintly echo the recollection of prior failure.	focus_12_80_cutoff_100.tsv	84	7e997c66cbb9967bdec807ed89a8b0b027cf7b677853179ce76f33ced226afac
reciprocal_counterevidence	56:45	15:27		no value	15:27	56:45	56:45	cross_surah	label_target_note	ranked_review	Earlier ease and later reversal do not clarify the focus.	focus_15_27_cutoff_100.tsv	84	130126b5db20003f8f6798c9d3426f258a14c7e1252c7b0dfc0bb9527dd14618
reciprocal_nomination	56:45	15:31		weak	15:31	56:45	56:45	cross_surah	label_target_note	ranked_review	Only a remote contrast involving prior elevation and later outcome.	focus_15_31_cutoff_100.tsv	39	1a48f232e44dc746d4eaff4321a77a22ab89f1bc85342f411e6e844195174250
reciprocal_counterevidence	56:45	15:32		no value	15:32	56:45	56:45	cross_surah	label_target_note	ranked_review	Ease and reversal do not clarify the questioned exclusion.	focus_15_32_cutoff_100.tsv	18	37c06fbf8d86b25dec0d1a079681756aa00bdcfba8950896827ab54156d220ab
reciprocal_counterevidence	56:45	15:33		no value	15:33	56:45	56:45	cross_surah	label_target_note	ranked_review	Refah içindeki geçmişi bildirir; 15:33'e belirgin bir bağ kurmaz.	focus_15_33_cutoff_100.tsv	27	1bb33808c6ce0cba457bcf3db642e825bd0bee412e99758b44ac96988e0d2f85
reciprocal_counterevidence	56:45	16:118		no value	16:118	56:45	56:45	cross_surah	label_target_note	ranked_review	Prior ease adds no interpretive link.	focus_16_118_cutoff_100.tsv	75	c02c33c6e2ff1828df45dee4e6d9f8e56b119cb226af67d0ffa3c5a4db9c40f1
reciprocal_nomination	56:45	17:16		strong	17:16	56:45	56:45	cross_surah	label_target_note	ranked_review	Treats luxury as a condition disclosed by its later moral excess.	focus_17_16_cutoff_100.tsv	24	9226e46f08179ab8418d914f3de22c2602fd0ccad66d9d0d11c3c322763291f2
reciprocal_nomination	56:45	17:17		weak	17:17	56:45	56:45	cross_surah	label_target_note	ranked_review	Channel-linked luxury is a brief antecedent to transgression, weaker than the direct 17:16 parallel.	focus_17_17_cutoff_100.tsv	62	1d238efcfffbf7d59167b4b027b1c4bd1743c11fc4d1cc94c8a98a1e99fe89aa
reciprocal_nomination	56:45	18:55		weak	18:55	56:45	56:45	cross_surah	label_target_note	ranked_review	Prior luxury alone does not establish a material neighbour relation to the focus.	focus_18_55_cutoff_100.tsv	68	e567ac2d7d117f6235a6ac257b760312ef08638db90e44c5815f1962ff2ea863
reciprocal_counterevidence	56:45	19:57		no value	19:57	56:45	56:45	cross_surah	label_target_note	ranked_review	Former luxury does not clarify Idris's high station.	focus_19_57_cutoff_100.tsv	24	10c0b2cedb40fb0696cc610cbd083d59ccec653b00cd5f792cd99b71fa947138
reciprocal_counterevidence	56:45	19:67		no value	19:67	56:45	56:45	cross_surah	label_target_note	ranked_review	Prior worldly ease does not concern creation or resurrection.	focus_19_67_cutoff_100.tsv	66	70d4c27fad3c53561361146575ae5fc4efc572521290348663ecf9849d349076
reciprocal_nomination	56:45	21:6		weak	21:6	56:45	56:45	cross_surah	label_target_note	ranked_review	Rahatlık içindeki geçmiş hal, helak edilen yerleşimlerin bir yönüne yalnızca dolaylı temas eder.	focus_21_6_cutoff_100.tsv	42	89e185193fb424026639974e903e15cdbc0a822467d57148c0d7a26d3f1c7418
reciprocal_nomination	56:45	21:11		weak	21:11	56:45	56:45	cross_surah	label_target_note	ranked_review	Its mention of prior luxury gives a limited social parallel but no destruction or succession.	focus_21_11_cutoff_100.tsv	50	b6e64a564635dd941f4196a0fd24d89ac77e1c01c2616278b408ef79a9d94441
reciprocal_nomination	56:45	21:13		medium	21:13	56:45	56:45	cross_surah	label_target_note	ranked_review	It names prior indulgence as the condition behind later condemnation, though the affluent-settlement pattern is already established.	focus_21_13_cutoff_100.tsv	9	209a27b87fcc651795e0062df3c8f15ed349e81f5755e29a5beb9afc9e6c1c98
reciprocal_counterevidence	56:45	21:77		no value	21:77	56:45	56:45	cross_surah	label_target_note	ranked_review	Prior worldly luxury does not clarify the focus.	focus_21_77_cutoff_100.tsv	86	2f764d5028f8edb1749ce98738ac5e818bb9dc3594022a1dc24e6d670e480ca1
reciprocal_nomination	56:45	23:33		strong	23:33	56:45	56:45	cross_surah	label_target_note	ranked_review	It identifies prior luxury as the condition shaping those who face the final outcome.	focus_23_33_cutoff_100.tsv	21	cbb85e0af7a0c224f467effee59a9967d8d77878052ed615825ca3cf8d21418e
reciprocal_nomination	56:45	23:64		medium	23:64	56:45	56:45	cross_surah	label_target_note	ranked_review	It names prior indulgence as a defining condition of those facing judgment, but without the focus's seizure or cry.	focus_23_64_cutoff_100.tsv	10	35f0529960e2617892ce4707d7cb215e1286967553994ecba73a51cd8d751370
reciprocal_counterevidence	56:45	24:59		no value	24:59	56:45	56:45	cross_surah	label_target_note	ranked_review	Former luxury and its consequence do not bear on permission.	focus_24_59_cutoff_100.tsv	51	c1ff66adf5a69e13c9b44d9d9ff4074885d923bea8b935104fa0c898dac243ab
reciprocal_counterevidence	56:45	26:60		no value	26:60	56:45	56:45	cross_surah	label_target_note	ranked_review	Luxury before punishment does not clarify the dawn pursuit.	focus_26_60_cutoff_100.tsv	71	8faa0f61ab92564a7d1169d9f22500d2b7f87776f1dee237c72befae9055816a
reciprocal_counterevidence	56:45	27:38		no value	27:38	56:45	56:45	cross_surah	label_target_note	ranked_review	Geçmiş bolluk hali, tahtın taşınması veya teslimiyet sınamasıyla ilgili değildir.	focus_27_38_cutoff_100.tsv	66	8c028a94b474cc2dd17e3a802bc48531676196e83378ab791bf7595bf12c0f04
reciprocal_nomination	56:45	30:49		weak	30:49	56:45	56:45	cross_surah	label_target_note	ranked_review	The prior state marks a contrast in condition, with only mixed support for 30:49's before-state.	focus_30_49_cutoff_100.tsv	1	48bb572dc7980fbf05573ea6de2af140ab5191a6ba248d1226a13919ec58fc54
reciprocal_nomination	56:45	34:34		medium	34:34	56:45	56:45	cross_surah	label_target_note	ranked_review	It identifies indulgence as the prior condition of those facing judgment.	focus_34_34_cutoff_100.tsv	3	97f91f77ac5beb86c3399e5074941e0d2dfc22cdb3dfa62abc1a76cc8c8ca198
reciprocal_counterevidence	56:45	34:53		no value	34:53	56:45	56:45	cross_surah	label_target_note	ranked_review	Its former luxury does not clarify the focus's prior disbelief or distant speech.	focus_34_53_cutoff_100.tsv	87	9e69e3eaff1d03c5ab72620d980e7ade934b257c4a54ae2180a4faccfdd8a688
reciprocal_nomination	56:45	34:54		weak	34:54	56:45	56:45	cross_surah	label_target_note	ranked_review	Prior indulgence precedes judgment, but it does not specify the focus's frustrated desire.	focus_34_54_cutoff_100.tsv	7	2558cbaea55798b77d72c0362f03b442f96c7a5c1903f0f59d903cc6eefd5849
reciprocal_counterevidence	56:45	36:67		no value	36:67	56:45	56:45	cross_surah	label_target_note	ranked_review	Prior luxury does not clarify transformation, movement, or return.	focus_36_67_cutoff_100.tsv	42	066eb2167369363274e4f9da675e7ad4329c3655adcfb92ccfa10c47e20d2d6e
reciprocal_counterevidence	56:45	37:69		no value	37:69	56:45	56:45	cross_surah	label_target_note	ranked_review	Former worldly luxury does not clarify inherited misguidance.	focus_37_69_cutoff_100.tsv	91	bea39d50af2235c983cbca40abe75c3edf38c1845236707d2c517f3f020690fd
reciprocal_nomination	56:45	37:71		weak	37:71	56:45	56:45	cross_surah	label_target_note	ranked_review	Their former luxury describes a condition of later condemned people, not the earlier generations in the focus.	focus_37_71_cutoff_100.tsv	47	2ea8c14fbed182881808e18ed7d1ea7b386dbd49c40d079a26ed2f2e2ffb5014
reciprocal_counterevidence	56:45	37:94		no value	37:94	56:45	56:45	cross_surah	label_target_note	ranked_review	Former indulgence does not clarify the focus.	focus_37_94_cutoff_100.tsv	70	b00cad9bfdc609f74d16032fd234e438162a1137c2f224b9cba1ea09adb67ae4
reciprocal_counterevidence	56:45	38:12		no value	38:12	56:45	56:45	cross_surah	label_target_note	ranked_review	Former luxury is not connected here to the focus's communities or their denial.	focus_38_12_cutoff_100.tsv	75	a69247d3bab510bec1d0d425ca9b1eedd21e52c4251abee7dfff21858b697945
reciprocal_counterevidence	56:45	38:16		no value	38:16	56:45	56:45	cross_surah	label_target_note	ranked_review	Former indulgence does not by itself clarify the focus verse's temporal demand.	focus_38_16_cutoff_100.tsv	48	961267c5ae58fb6769b97e239d4024813aff63332fc80f3acbd3eb1fa03ca044
reciprocal_nomination	56:45	39:39		weak	39:39	56:45	56:45	cross_surah	label_target_note	ranked_review	Past indulgence identifies a condition but neither its actions nor their disclosed result.	focus_39_39_cutoff_100.tsv	66	3237698e3ed11b9d6c9b264292a8071fa0f792366b899153a89961b4be80f695
reciprocal_nomination	56:45	39:50		weak	39:50	56:45	56:45	cross_surah	label_target_note	ranked_review	Former ease offers a limited background for why worldly abundance can become deceptive.	focus_39_50_cutoff_100.tsv	72	c89ef669107078c9cf4a23a344b9b2f4190db0ae9b9cf59cf7f082a7ae3126d6
reciprocal_counterevidence	56:45	41:48		no value	41:48	56:45	56:45	cross_surah	label_target_note	ranked_review	Prior luxury alone has no focused relation to the judgment realization.	focus_41_48_cutoff_100.tsv	69	75d48ec17f875b904d4d4f4231b89a8db8209e2d93b952ba483ed70dee61de34
reciprocal_nomination	56:45	43:23		medium	43:23	56:45	56:45	cross_surah	label_target_note	ranked_review	It identifies prior luxury, supporting the focus's placement of resistance among the affluent.	focus_43_23_cutoff_100.tsv	3	29d60336c2f0c578b1b38289d9a1c7726b430e28feab94d30433c20ba604827a
reciprocal_nomination	56:45	43:54		weak	43:54	56:45	56:45	cross_surah	label_target_note	ranked_review	Its mention of prior luxury is only a limited background parallel to elite-led corruption.	focus_43_54_cutoff_100.tsv	82	854ba2ce1e1f17ce08719a54c26e3b801e0a0ef21d85430af0df8023e1863cc6
reciprocal_nomination	56:45	44:37		weak	44:37	56:45	56:45	cross_surah	label_target_note	ranked_review	Past luxury provides a limited backdrop for the fall of privileged peoples.	focus_44_37_cutoff_100.tsv	77	dfe32cc3e27aee84a2afbbb37506001acd6c83a914e09bf4d6222d9b35206fd1
reciprocal_counterevidence	56:45	50:41		no value	50:41	56:45	56:45	cross_surah	label_target_note	ranked_review	Prior ease and reversal provide no specific link to 50:41.	focus_50_41_cutoff_100.tsv	33	7475c5f7b83022065c85fdaa71f0b82598d8aa91528398df1241d25d471eca2e
reciprocal_nomination	56:45	51:16		strong	51:16	56:45	56:45	cross_surah	label_target_note	ranked_review	Contrary pre-state of mutrafin clarifies the ethical contrast to prior ihsan.	focus_51_16_cutoff_100.tsv	4	e48cee51eb245e832fb6751db19f7b981a3aa5afd031ffac07c4996f7f3dc114
reciprocal_nomination	56:45	51:46		weak	51:46	56:45	56:45	cross_surah	label_target_note	ranked_review	The before/كانوا frame gives only a distant temporal comparison.	focus_51_46_cutoff_100.tsv	7	4ada8a926cbbddc93fd8affd9f209a156b8bd36f1430cef916bdd4f758349496
reciprocal_nomination	56:45	52:26		weak	52:26	56:45	56:45	cross_surah	label_target_note	ranked_review	Former ease is only a general temporal contrast to former apprehension.	focus_52_26_cutoff_100.tsv	63	a9a858f5ecde2cc922772205bcd32f5a40357c1e9bc9bbc5db8a9fd561f1e73e
reciprocal_nomination	56:45	53:52		weak	53:52	56:45	56:45	cross_surah	label_target_note	ranked_review	Names prior ease and luxury, a possible background to later excess but without Noah or judgment.	focus_53_52_cutoff_100.tsv	4	fb23d423164c52fffb2291f789576cac891ef7490d2920bdc8277e6a25ffdf57
reciprocal_nomination	56:45	55:44		medium	55:44	56:45	56:45	cross_surah	label_target_note	missing_ayah_suggestion	Links the hostile provision to the preceding condition of indulgence.	focus_55_44_cutoff_100.tsv	119	583ac6958d32bc330afab4bed6acfa975317a8e35701e4e787aee72136bf2b69
reciprocal_counterevidence	56:45	55:56		no value	55:56	56:45	56:45	cross_surah	label_target_note	ranked_review	قبل is unrelated to the focus's no-prior-contact construction.	focus_55_56_cutoff_100.tsv	63	a3280aa19efbe969f9e3fd24b393a5e2d7e03b807b0db02d3f7863df06a6a41b
reciprocal_counterevidence	56:45	55:74		no value	55:74	56:45	56:45	cross_surah	label_target_note	ranked_review	Earlier luxury is unrelated to prior contact or the paired categories.	focus_55_74_cutoff_100.tsv	48	7a9a05418e0abbd36ccd6133c1296cf50a2e31ce89e8d8de38d7750731beacca
reciprocal_nomination	56:45	56:3		medium	56:3	56:45	56:45	same_surah	label_target_note	missing_ayah_suggestion	Connects the lowered outcome to a prior condition of heedless ease.	focus_56_3_cutoff_100.tsv	122	8a68a2fb79460c02a456745f0222b2b3cab700697003a4515018b0f8cd675f86
reciprocal_counterevidence	56:45	56:6		no value	56:6	56:45	56:45	same_surah	label_target_note	ranked_review	No specific link to the focus's dispersal or material transformation.	focus_56_6_cutoff_100.tsv	24	5a83a77ece476d9d89c76cd64142fd0f3703394cb86b42bf984da8accb4a442f
reciprocal_nomination	56:45	56:7		medium	56:7	56:45	56:45	same_surah	label_target_note	ranked_review	Supplies a direct characteristic of one later class in the same passage.	focus_56_7_cutoff_100.tsv	87	2d509bd82f688da9001dc53a64d594fa7a82c06f2d3027836d6567c9eaeed7d3
reciprocal_nomination	56:45	56:8		medium	56:8	56:45	56:45	same_surah	label_target_note	missing_ayah_suggestion	Continues the direct contrary counterpart, preserving the category boundary.	focus_56_8_cutoff_100.tsv	122	df4d7d5f8a44267a85e9e9dae811afc79ec40423d0e152e6eed41c2dff86a8ce
reciprocal_nomination	56:45	56:9		strong	56:9	56:45	56:45	same_surah	label_target_note	missing_ayah_suggestion	Gives a stated prior disposition for the left group.	focus_56_9_cutoff_100.tsv	126	956186588ecae0577f42f6687de26293618481e828a70937c56c2c8667a358e9
reciprocal_nomination	56:45	56:16		weak	56:16	56:45	56:45	same_surah	label_target_note	ranked_review	Prior luxury is only a distant contrast to the rewarded setting.	focus_56_16_cutoff_100.tsv	82	c2383f8bff18241661208a537bb66de1ba9bb3c8ce8918ba31708ecdc064e37a
reciprocal_nomination	56:45	56:24		weak	56:24	56:45	56:45	same_surah	label_target_note	ranked_review	Later contrary local scene of ترف; only a broad section-level contrast.	focus_56_24_cutoff_100.tsv	83	ff7575ee32c6c5a479ac6133ac6f5c030fffa040ce828e26a9cf056e8082ede5
reciprocal_nomination	56:45	56:44		strong	56:44	56:45	56:45	same_surah	label_target_note	missing_ayah_suggestion	Immediate prior context names the condition preceding the punitive description.	focus_56_44_cutoff_100.tsv	105	2acbfd0d9f948122c15fc0ae8dac9f156c7840ddeec35961272e36732faaf99f
reciprocal_nomination	56:45	56:46		strong	56:46	56:45	56:45	same_surah	label_target_note	ranked_review	The immediately preceding luxury condition supplies the setting for the persistence.	focus_56_46_cutoff_100.tsv	5	c377abc8a24a91b5d06c819f9a0796bc22668dc491525e84df06ea6ad860437c
reciprocal_nomination	56:45	56:47		strong	56:47	56:45	56:45	same_surah	label_target_note	ranked_review	Immediate context identifies the social condition preceding this repeated denial.	focus_56_47_cutoff_100.tsv	5	04ac2a31296aed59bc95dfe68eb96bc3fb1535e6c116f3b93da97c577fbcf11e
reciprocal_nomination	56:45	56:48		medium	56:48	56:45	56:45	same_surah	label_target_note	ranked_review	Yakın bağlamda bu itirazı taşıyanların önceki rahatlık halini verir.	focus_56_48_cutoff_100.tsv	5	9db8e1a7858914aeffe804433b466571f1ad9960ce78616bfc206675c4f57d3a
reciprocal_nomination	56:45	56:49		medium	56:49	56:45	56:45	same_surah	label_target_note	ranked_review	Supplies the local condition of ease before the denial answered by 56:49.	focus_56_49_cutoff_100.tsv	5	ba84ba8796bc4c0ea50b3668a3c7e61e71b8e060e1ce2d114726259758bb6d9e
reciprocal_nomination	56:45	56:50		medium	56:50	56:45	56:45	same_surah	label_target_note	ranked_review	Supplies the preceding condition of the people addressed by the surrounding passage.	focus_56_50_cutoff_100.tsv	5	8b95ba860345593e67da250e2151914ef0dc6c161a67b00761f4da20536f44f7
reciprocal_nomination	56:45	56:51		strong	56:51	56:45	56:45	same_surah	label_target_note	ranked_review	Supplies the immediate antecedent of mutrafin before the focus classification.	focus_56_51_cutoff_100.tsv	5	146c329998c73b0afd71d7a284ff714658adc7fa3ed18a963848cdf963244d6d
reciprocal_nomination	56:45	56:55		medium	56:55	56:45	56:45	same_surah	label_target_note	ranked_review	Immediate prior affluence gives a causal backdrop to the punitive consumption sequence.	focus_56_55_cutoff_100.tsv	52	87599e52fd4965277ad8b6e3b3ce21344fc4541da6564ee045196796e8b3b849
reciprocal_nomination	56:45	56:82		medium	56:82	56:45	56:45	same_surah	label_target_note	ranked_review	Its shared local subchannel supplies the preceding disposition behind the later denial.	focus_56_82_cutoff_100.tsv	53	a54f8d8aa095ec305abc7fe769bf5af9faeecf107b57e4c8cbc28d08d1bb2d4b
reciprocal_nomination	56:45	56:86		weak	56:86	56:45	56:45	same_surah	label_target_note	ranked_review	Same subchannel preserves the preceding moral profile, but adds no mechanism.	focus_56_86_cutoff_100.tsv	56	b3f79df64883f16a726e8ce19e9099abbbde69db04b099eefc88f82618f6fa83
reciprocal_counterevidence	56:45	56:88		no value	56:88	56:45	56:45	same_surah	label_target_note	ranked_review	Does not clarify the near-ones designation beyond its local contrast.	focus_56_88_cutoff_100.tsv	24	d5b1efcf2d0e9fe3bb6750e5d4c627a1c28d5cf02f3fe81aa35309b6045c5b4a
reciprocal_nomination	56:45	56:90		weak	56:90	56:45	56:45	same_surah	label_target_note	ranked_review	Weakly marks a prior condition in the contrary terminal material.	focus_56_90_cutoff_100.tsv	27	f6800f8d04318f226bb9b7971d837953df314a883cba23c470c2654e600326a5
reciprocal_counterevidence	56:45	56:91		no value	56:91	56:45	56:45	same_surah	label_target_note	ranked_review	The listed channel offers no usable link to the focus wording.	focus_56_91_cutoff_100.tsv	68	6ffd0d808101a77e14653945dbd3e86003daf6117784f719127e3b61923c8000
reciprocal_nomination	56:45	56:92		medium	56:92	56:45	56:45	same_surah	label_target_note	ranked_review	Adds the immediate in-surah background of prior indulgence.	focus_56_92_cutoff_100.tsv	50	43b24f17f01465562ed99b56a5d29b7566aacb1b046d6e4e8d8274c053c2c9c7
reciprocal_counterevidence	56:45	57:22		no value	57:22	56:45	56:45	cross_surah	label_target_note	ranked_review	Past luxury and reversal have no specific focus link.	focus_57_22_cutoff_100.tsv	87	934bef5294a41b4b70f810ccb5104ab153b74af381cc1430a6e67c6074597858
reciprocal_counterevidence	56:45	58:15		no value	58:15	56:45	56:45	cross_surah	label_target_note	ranked_review	No material connection beyond a shared past-state form.	focus_58_15_cutoff_100.tsv	43	9f68589978449c5799b3e0b59778968897af49476d19ab15a562f94250ccf1b6
reciprocal_counterevidence	56:45	59:17		no value	59:17	56:45	56:45	cross_surah	label_target_note	ranked_review	Prior ease does not explain the focal relationship or outcome.	focus_59_17_cutoff_100.tsv	69	e637d0d8c25eed0c008c5ba55dba5a937530a472cf061636c7e7261918fe17d9
reciprocal_counterevidence	56:45	69:9		no value	69:9	56:45	56:45	cross_surah	label_target_note	ranked_review	Temporal ق ب ل only.	focus_69_9_cutoff_100.tsv	90	59cad4b14940fc95be3ec6679f30a559fcc47d71931d76c29b079916a71bf06c
reciprocal_nomination	56:45	73:11		strong	73:11	56:45	56:45	cross_surah	label_target_note	missing_ayah_suggestion	Identifies prior indulgence as the setting for grave persistence.	focus_73_11_cutoff_100.tsv	117	bfeb2248f8083125827bbc3d41922bb377d776f2865c113c6a1a43af0536d2b2
reciprocal_counterevidence	56:45	73:15		no value	73:15	56:45	56:45	cross_surah	label_target_note	ranked_review	It does not materially clarify the focus verse's themes.	focus_73_15_cutoff_100.tsv	99	947093b91f6488736b037f1052ed1aa872046a83c70093b762e50d54acaed840
reciprocal_nomination	56:45	74:50		weak	74:50	56:45	56:45	cross_surah	label_target_note	ranked_review	Prior ease may be a broad backdrop for refusal but adds no direct relation.	focus_74_50_cutoff_100.tsv	90	7c497d73f2f880581eebb5aaba7f233c3e68b7faa065702d3d3e225c36cdcfb6
reciprocal_counterevidence	56:45	77:45		no value	77:45	56:45	56:45	cross_surah	label_target_note	ranked_review	77:45 için belirgin ek bağ sağlamaz.	focus_77_45_cutoff_100.tsv	74	f706728c3184c6f28e97373b533c535f605dcaeef9a49a046ad73a949b5b9f25
reciprocal_nomination	56:45	77:47		medium	77:47	56:45	56:45	cross_surah	label_target_note	ranked_review	Önceki refah hali, aynı pasajdaki yalanlamanın kısa yararlanma ve hesap reddi bağlamını tamamlar.	focus_77_47_cutoff_100.tsv	68	349f4aed0c58c72b421b6a69eb1eb5d5f871ab28cc31f2354a78144c41847c1b
reciprocal_nomination	56:45	77:49		medium	77:49	56:45	56:45	cross_surah	label_target_note	ranked_review	Prior luxury supplies a nearby background to the punitive fate, without itself defining denial.	focus_77_49_cutoff_100.tsv	68	a31a39cc9fb89214f6fe678b0e49b95cadb8c6d97ca6b4b80753584342d4c538
reciprocal_nomination	56:45	78:27		weak	78:27	56:45	56:45	cross_surah	label_target_note	ranked_review	Önceki yerleşik tutumun bağlamını verir; hesap beklentisini doğrudan açmaz.	focus_78_27_cutoff_100.tsv	1	6f122fec6778e63b7eefe5988f8dc8dd8855160771ee68b0dcaed59c272a218a
reciprocal_counterevidence	56:45	79:9		no value	79:9	56:45	56:45	cross_surah	label_target_note	ranked_review	Prior luxury does not by itself clarify the humbled eyes.	focus_79_9_cutoff_100.tsv	95	79cdc60d3609ac5032f8662b68fa9e324a6df5ac30f4a34bc6d4da0bd590c492
reciprocal_nomination	56:45	82:14		medium	82:14	56:45	56:45	cross_surah	label_target_note	missing_ayah_suggestion	Former indulgence supplies an antecedent disposition for the outcome.	focus_82_14_cutoff_100.tsv	185	12fb25bf6f2932e7772eee38a9f81ad810c19f084124b8f9e729f787dbee4df6
reciprocal_nomination	56:45	89:11		weak	89:11	56:45	56:45	cross_surah	label_target_note	ranked_review	Preceding ease is too indirect without a stated link to the focus clause.	focus_89_11_cutoff_100.tsv	43	1c039626d5c2bbbb6e18f253082ac7834fdff0fd7ab73c6fb977361a45ed2780
reciprocal_nomination	56:45	102:8		strong	102:8	56:45	56:45	cross_surah	label_target_note	missing_ayah_suggestion	Former ease is paired with persistence in grave wrongdoing, a close adverse comfort pattern.	focus_102_8_cutoff_100.tsv	155	8105d5bb158a12f0b87d6605d99e5d38a50bf34fcda4a9709e657ab2d5ec901b
reciprocal_counterevidence	56:45	112:4		no value	112:4	56:45	56:45	cross_surah	label_target_note	ranked_review	No clear contribution beyond a lexical occurrence.	focus_112_4_cutoff_100.tsv	9	02fca8c0effc27805613564ee559140dfcd47782206b125e3dbb57964e806bfe
